0000e00ff87ffcff3cf800fc007e003fc01ff007f801fc01fe3ffffffffffc3f,2
003ec0fff8fffffffffff0ff80ff00ff00ff00ff00ff00ff00ff00ff00fe003c,1
f81ffc3ffc7f38fc007c003e803fc03f803f007c00f81cf87efefc7ff83fe01f,3
f007fc1ffe3f1e7e007c007c003fc01ff007f801fc00fe00ff3fff7ffe7ffc3f,2
0000f00ffc3f3c3f003e003e803fe01fe03f003f007c087c3e7ffe3ffc1ff80f,3
fffffffffffffc7fc03fc01fc00fe007f003f003f803f803f801fc01f8007800,7
000f801fc01fe01ff01ff81ffc1f3e1e7f3fff7fffffffff803f001f001e000c,4
0000e007f81f7c3c3e003f00ff07ff1f7f7e3ffc1ff83efc3c7cf83ff01fe007,6
0000e01ffc3f7c7f00fc00fe007fc07fc07f00ff00fc00fc3efefe7ffc3ff00f,3
e01ff87ffcff3cf800f800fc007f803fe00ff801fc01fe03fe7ffffffe7ffc3f,2
e01ff83f783c3c003e00fe03ff1fff3f7f783ff01ef03ef87c7cf87ff03fc00f,6
c01ff07f787c3c103c00fc0ffe3ffe7f7ef83ef03cf03cf0f8f8f87fe03f800f,6
0000f007fe1fff3f1e7e007c007e803fe00ff803fc00fe01ff3fff7fff7ffc1f,2
0006800fc01fe01ff01ff01ff81ffc1ffe1fff3fff7ffffffe7fc03f001f0006,4
000e801fc03fe03fe03ff03f783c3c3c3e3c3f7eff7ffffffeff007f003c0018,4
f80ffc3ffe3f3f3e0c3c003e003f801fe00ff803fc007f003f00ff00ff7ffe7f,2
f01ffc7fffff3ffe0cfc00fc00fe803fe01ff007fc017e007f00ff00ff3ffc3f,2
f01ff87f7c781e001f003f00ff3fff7f3ff81ff01ff01ff87efcf87ff01fc003,6
f00ffc1ffc3f183e003e003fc01fe01fc03f007e00fc00fc3efffe7ffc1ff007,3
000fc01ff03ffc3ffc3ff83fe03f803f807f80ff80ff80ff80ff80ff80ff003f,1
f01ffc3ffc7f3cfc00f800f800fc007fc03fe00ff803fc00fe00fe03ff7ffe7f,2
e00ff83f3c1c1e001f001f00ff1fff3f3f3c1f7c1f7c1e7c7c3efc3ff81fe007,6
f03ff87f78fe00fc00fc007ec07fe07fc0ff00fc00f800f83efefe7ff83fe00f,3
001c807ff0fffcfffffff8ffc0ff80ff80ffc0ffc0ffc0ffc0ffc0ff807f001f,1
e007e03ff0fff8fffcfffefc3ef81ff80efc007c003e003fc01fe00fe003e001,ク
fc3ffc3ffc3ffc3ffc3ffe3fff7ffe7f007f003e003e001f801fc007c003c003,ラ
7c00fc00fc00fc00ff007f703ff83ffc1efe007fe03ff01ff80ffc03fc01fc00,シ
0000c000fce3fefffffffefffefffcff007f003f003f001f801f800f800f0007,ッ
e001f03ff8fff8fffcff7efe1f7c0f7c0f3e003f001fc00fe007f003f001f000,ク
f80ff81ffc3ff03f003f003f803fc03fc0ff00ff00fe00fe9c7ffc3ff80fe007,3
f03ff83ff8fff8fff8fff8fff8fff8fff8fffcfffcff0cf804f007f000300020,月
00007818fc3ffc7ffc7ffc73fc61fc00fc00fc00fc00fc70fc70fc7078300000,前
00000000c83ffc3ffe3ffe3ffe3ffc3ffc3ffc3ffc3ffc3ff00fc00380010000,半
00000006801f803fc03ff87ff87ffc7ffc7ffc3ffc3ffc3ffc3ffc3f001f0000,後
c01fe01ff81ffc07ff00ff03ff1f7f3e3ffc1ff81ff03ff8fcfef83ff00fc003,6
f003f83ff8fffcfffeff7ffc1ff80ff800fc007e003f801fc00ff007f001f000,ク
fef1fefffffffffffefffeff3cfe18fe007e003e001e001f800f800f80078003,ッ
f83ff8fffcfffcfffcfc3cf83cf03cf03cf03cf01cf81ef80ff807f803f00030,月
0000f03ffc7ffefffffffffffffff8ff00fc00fc007e003f801fc00fc007c003,ラ
00f0ffffffffffffffffffff1fff0fff003e003f001f800fc007c00380010000,ッ
1008300c30003c003c003c007fe0fff1fff1fff1fff1fff1fff0fff07e300000,前
0000c003e03fe01fe00fe03fe007e007fc3ffe7ffe7ffe7ffc3fe007c0030000,半
000000008007c00ff01ffc3ffe3ffe3fff3fff1ffe0ff83ff03fc03f803f001f,後
f81ffc3ffefffcff00ff00fe00fe003fc01ff003fc00ff00ff00ff007f007f00,2
fc3ffc3ffc3ffc1ff807000000000000000000000000fc1fff7fff7fffffffff,ニ
000000f800fecf3fff1fff1fff071f000f0007000f001f00ff3ffffffffffeff,ビ
381c381c381cfc1afc01fc00fc13fe13fe13fe13fe13fc13fc33f831c0300000,前
18607c70fc38f811e00007601ff03ff83cfc003e801fe00ffc07fe017e001c00,ジ
027007700738873fff3fff0fff030f000700070007000f00ff7ffffffefff87f,ビ
38187c3efefffc7f0000fc01fc29fe29fe29fe29fe29fe21fe21e471c431c030,前
e00ff83ffc7f3efc1cfc00fc007c003fc01ff007fc017e007e00ff7ffffffe7f,2
001e001f801fc01fe01ff01ff01f3c1e3c1e7e3ffefffefffeff003f001e001e,4
fcfffcfffcff0cf00cf0fcff3cf01ce01cf03cf8feff0ff007e007f003f80078,月
181c7c3efe7ffc3f0000fc20fe65fe65fe65fe65fe65fe61fe71c679c438c038,前
8431cc39dc39dc11cc03c003e00ffe3fe007fe7fffffffffe007c003c0038001,半
00018c01ce13861f840ffc0ffc7ffe7f8e73de33fe3fee3bce1f8e1fce7fc47f,後
1008781efe7f000000007e40ffe0efe0ffe0ffe0ffe0ffe0fff0ef78e7784210,前
08000c01c619c31fc00ffc47fcfffeffcf73cf73fe3fec3bc43fc43fc47fc07f,後
f80ffc3fff7f1fff07fc00fc007c003f800ff8037e001f001f003f00ff7ffe3f,2
fc7ffc7ff03f0000ffffffffffff00f800f8007c003e003fc01fe00fe003c001,ラ
3800f800f800f000c0000f003ff07ff83c7e103f801fe00ffc07fc01f8007800,シ
c0e0c7f1e7f1eff3efffcfff0f7f0e7c003c003e001f800fc007c003c001c000,ッ
10187c3cfeff00000000fc40fce1fce1fce1fce1fce1fce1fce1fcf1cc718430,前
04008c01e613c31fc00ff807feffff7fc723cf33ff3fe73fc73fc71fc77fc07f,後
e007f81ff83f303c003c003ec01fe01f003f00fc00f81ef8fefffc3ff00fc001,3
e01ff03ffc7e3e301f001f007f00ff7f3ff81ff01ff01cf0fc7ff83fe00f0000,6
84388c38de38de38fc01f003fc0fff3fc003fe7fffffffffe003c00080008000,半
1800fc00fc00f801e0000f601ff03ff83cfc107f803fe00ffc07fe01fe001c00,シ
001f803fc03fe03ff03ff83f7c3f1c3e1e3e1f3fff7fffff007f003e003e001c,4
f00ffc3ffe7f1cf800f8007ee03fe03fe07f00fc00f804f83ffcfffffc3fe007,3
e01ff03ff8fffcff1cf800f800f8007c001fe007f8017c007c00fc01fefffc7f,2
fffffffffeff00fc00780038003c003e003f001fc00fe007f003f801f8007000,フ
00f000f800fc007f801fe00ffc07ff07ff073f07000700070007000700070007,イ
000380038007800ffe7fffffffffe007c003c003e003f001f801f800f8007800,ナ
fc1ffc3ff8ff00fe000f000f000f800fc00fe01ff03f787c3ffc1ff80e700400,ズ
3c3c7e7e7ffe7ffe7ffe3ffe07e003c063c263c673c6f3fff3ff73fe02760000,開
3000f8eecc7fcc3fce1dce3fee3ffc3ffc3ffc1ffc1dcc3fcc3fcc1dcc7f807f,催
0000c003feffffffffff87e183c187c187e7ffffffffeff7c003800180010000,中
fe7ffffffffffcff003f001f800fc00fc007e003e003f003f003f003f001f000,7
c003c003c003c003e003e007fe7ffffffffffe7fe007e003e003e003e003e003,+
000000ffe0fffcffffff00ff00ff00ff00fe00fe00fe00fe00ff80ffc0ff00ff,1
c007f01f3c381c001e001e00ff0fff1f3f3c1ff81ff81ff81ef87c7cf83fe00f,6
e01ff83f3cfc18f800f8003cc01fe01f803f00f800f800f81ef8fefffc3ff01f,3
0000801ff01ffe1fff1fc43f003f007f007f807f807f807f807fc07fc07f003f,1
ff7ffe3f003f001f000fc007e007e007e003e003f001f001f801fc01fc01fc00,7
c01ff03f7c383c001e000e009e0fff3f7ff83ff03ff03ee03ef07c7cf03fe01f,6
80ffe0fff8fffcff00ff00fe00fe00fe00fe00fe00fe00fe00fe00fe00fe00fe,1
001f801fc01fc01fe01ff01f781f381e3c1e1e1e0f1e0f1e0f1ff87ff0ff80ff,4
f007fc1f7e3f1e3c003c003c003e001fe007f001fc003e001e00ff7fffffff7f,2
f007fc1f3e3e0e3c003c003ce01ff00fe01f007e00fc00f80efcff7fff3ffc0f,3
000f800fc00fc00fe00f700e380e3c0e1c0e3e1eff7fffffffff801f000f000e,4
007ec0fff07ffc7ff8ff80ff80ff807f807f807f80ff807f807f807f803f003f,1
181c7e3ffffffe7f0000fc00fe21fe2cfe2cfe2cfe2cfe28fe70e47064386038,前
f807fe1f7e3f1c3e003e003ec01fe01f003f007c00f80f3cff3fff3ffc0fc000,3
e01ff03f7c3e3e001f001f003f00ff3f3f7c1ff80ff00ff01ff8fe7ff81fc003,6
e00ff83f3c3c1e000f000f00cf1fff3f3f7c1f701f701f701f783e7cf83fe01f,6
e007f83ffe7f3f7c1cfc007c007e803ff00ff803fe003e007f00ffffffff0000,2
c003f01ffc3f3e181e001f00ff0fff3f7f7e1f780ff81ff83e7cfc3ff81fe007,6
001e803ff03ffc3ffe3ffc3fc03f003f003f003f003f003f007f007f00ff007e,1
3800f800f801f001e6010f001f703ff83cfc007e803fe01ffc0ffe017e001c00,ジ
f80ffc3f1e7e0e7c007c007c003e001fc01ff007f8003e003f003f00ff7fffff,2
007c80fff0ffff7fff7f807f007f007f007e007c007c007c007c007c007c0038,1
80038003800780078007c00ffffffffffffffffff00fe007c007c00780038003,+
c03ff03ffc1ffe3fe07f807f007f007f007f007f007f007f007f003f001e0008,1
ffffffff007e003e801f800fc00fe007e007f007f003f803f803f801f8007000,7
f00ff83f1c000e000f001f00ff3f7e7e1ef81ef80ef01e783e7cfc3ff01fc007,6
f00ffc3f3efc1efc007c007c003e801fe00ff0017c007e00fe00fffffeff0060,2
801fc01fc01fe01ff01ff81e7c1e3c1c1e1c1f1c3f3ffffffe7f807f003e003c,4
f80ffc3f3e3c003c003c803fe01fe01f803f00fc00fc0c7c1f3eff3ffc1f7007,3
c01ff03f3c383c001e003e03fe1ffe3f3c7c1cf81cf01c703c78f87ff01fc007,6
c07ff03ffe1fff1ffc1fc01f801f001f001f001f001f001f001f001f001f001e,1
00f800fff0fffcffffff80ff00fe00fe00fc00f800f800f800f800f800f800f0,1
c003f807ff1fff7f077e007c003e001fc00ffc07fe003f001f00ff00ff7ffe7f,2
fe3ffe3ffe3f1c0000000000000000000000000000000740ffffffffffffffff,ニ
08009c03cc33841f000f386ffcffeeffce03fe1ffe3ffc390c3b0c3fce7fc471,後
fc7ffcfffc7f0c600c60fc7ffc7f0c600c60fc7ffc7f0e600760077c077c0078,月
7008f83efeff347f0000fc40fe65cc65fc65cc65cc65fc64ec61cc71cc79cc38,前
3818fc7effff00400000fcc1fee9eee9fee9cee9c6e8fee8eee0c6f1c4f80430,前
3c787c78f810e0004e001f703ff83ffc387e003f801fe00ff807fc017c001800,ジ
003006780f3c0f1c0f1fff1fff0fff011f000f000e000e000e00fe3ffc3ffc3f,ビ
781c7f3e3f780040fc60fc60ec64fc64fc64ec64ec64fc64ec60e478c47c0018,前
006018703c783c3c3c3ffc1ffc0ffc073c003c001c001c003c00fc3ff87ff87f,ビ
000c781eff7f02000000fc64fc64ec64fc64ec64cc64fc64ec6ce47ce47c4000,前
38f8fcf8fcf9f801e4000e603ff07ff8387c003e001fe00ff007fc01fc007c00,ジ
38187c3cfe7f00000000fce0ece5e4edfcedfcede4ecfce4fce0c4e1c479c038,前
e00ff03ffcff7cfc38f800f8007c003fc01ff007f8007c007c00fe7fffff00e0,2
18001c23ce33860f000f1ceffcffceffce03ce07fe3fec318c300e1f8e3fc67f,後
8c31cc3bdc3bdc3bc803c003ff0fff7fc003e003fffffffffe7fc003c0038001,半
8c199c19dc19f818d800c001fe1ffc3fc003fc3fff7fff7ffe3fc00180018001,半
00009831cc31840f800fb86ffcffdeff8e679e27fe3fdc398c390c1f8c3f8c7f,後
0c0efe1ffe1ffc0ffc1fff3fff3fff1f001e001e000f800fc007f003f001f000,ラ
000188439ce39cf7b8f7f8fff8ff787f38780078003c001e001f000f000f0007,ッ
0c3cfc3ffc3f00000000ffffff7fff7f003c003c001e001f800fe007e003e001,ラ
8001c001cff1cff3def7fefffeffbc7f1c7c003c003e001f800f800f80078003,ッ
00008c339c3b9c3b9c118003c603fe7fe007c003fffffffffeffc00380038001,半
08339873b833b83398038003fc7ffc7fc003fc7ffefffefffcff800380030003,半
0c000e23c739831f000f3ce7feffefffc7c3cf43ff3fee31c431041f843fc07f,後
0000fedffe9ffe1ffc1f0000000000000000000000000000ff3fff7fff7fff7f,ニ
381c7c3efe7f00000000fc00fc2dec2dfe2dfc2dec2dfc2dfc29e439e439e038,前
100338339833080f000f704ff87fb8ff1c67bc7ffc7ff87b183b193f383ff87f,後
1c07fe6ffcff00ff000f80078003c003e007f00ff00ffc1f3e3e1f3c0f380630,ズ
fefcfefcc4c4c4c4ccccfcfc0ce004c0c4cfc48fc48fe4cfe4cfe4ce66e426e0,開
3844fceecc7fce00ce00cf7fcf3cce1cfc7ffc3dfc18cc3dcc3c4c18cc3c843d,催
8001c003ff7fff7fff7fc361836083608761ef73ff7fcffb8761800180018001,中
00000000000000000000000000000000000000fc00ff80ff80ff80ff00fe00fc,","
00001000781cfe7f00000000fce1eeedeeedfeedeeedfeecfee0e6e1c4f9c078,前
00fc00fe00ffc0ffe0ffe0ffc0fc00fc00fc00fc00fc00fc00fc00fc00fc00f8,1
0038007fe07ff87ff87f007e007c007c00fc00fc00fc00fe00ff00ff00fe00fe,1
800fc00fe00fe00ff00f780f3c0f1e0f1f1fff3fff7ffe3f001f000f000f000e,4
000000000000000000000000000000000000c003fc3ffc3ffc3ffc3ff03fe03f,","
fcfffcfffcff007f001f001f800fc007c007c007e003e001e001e001e001e001,7
e03ff03ff03c003c0038003e801f803f007e00fc00f018f07cfcfc7ff03fe01f,3
00000000f00ff81ffc1ff80f000f000f000f000f000ffc3ffe7ffe7f00200000,ュ
0000f83ff87ff87ff83f00000000000000000000fefffefffefff87f00000000,ニ
0000000000000000f80ffc1ffc0ff80f000f000f000f000f801ffe7ffe7f0e20,ュ
000000000000000000000000f87ffcfffefffefffcff00000000000000000000,ー
800fe00ffc1ffe1ffe1ff81fe01fc01fc01fc01fc01fc01fc01fc01fc01fc00f,1
18787cfcfc78fc00620007303f783f7c1c3e003f801fe00ff807fe007e003e00,ジ
000000000000f83ff83ff81ff81f001e001e001e001e001efc7ffefffcff0060,ュ
0000f83ffc7ffc7ffc3f000000000000000000000000fefffffffffffeff0000,ニ
c00fe03ff07ff0fc60f80078003e003fc00fe007f001f001f83ff87ff87f0000,2
f87ff87ff87f18703870f87f7870384038407870f87f18601c601c781e780c78,月
c007e007f80fff0fff0ffe0ff00fe00fe01fe01fe00fe00fc00fe00fe00fc00f,1
007c007f807fc07fc07fc07f007e007c007c007c007c007c007c007c003c0000,1
f87ff8fff87f1870f87ff87f386038403860f87ff87f1c601c701e780c780000,月
0000781cfe7ffc7f0000fcc0fcedceedfeedfeedceedfee0fee1cce1ccf80000,前
00019833b87bb83bb83380038407fcffe80fc007fcfffefffcff800780030003,半
003e003fc03ff03ff03fe03f003e003e003e003e003e003f003f003f003e001c,1
000000000000c003c003c003e003fc3ffffffffffffffe3fc003c003c003c003,+
7000f801f803f801cc011e607ef07ef0787c307e003fc01ff00ff803f8017800,シ
000000008001de79de7bfc7ffc7ffc7ffc3f383e001e001f000f800780078003,ッ
c001e07df0fff0fff8ff38783c781e780e3c043e001e001fc00fe007f003f001,ク
f0fff0fff0fff0fff0e0f0fff0ff30c030c0f0fff0ff70e038c038f038f818f0,月
001ec01fe01ff01ff01f801f801f801f801f801f801f001f001f003f003f003e,1
803fc07fc0ffe0f9e0f000f8007c003f801fc00fc003e001e03ff0ffe07f0000,2
c01fe03fe07fe0780078003c001f803f007d007860f0f0f8f07fe03f801f0007,3
00001803dc338c1b840f384ffcfffeff9e47fe3ffe3fdc3b8c3f8c3f8c7f0000,後
000000000000e001e001f003f003f80fff3fff7fff3ffc0ff003f003e001e001,+
00000000c003c007e007e007e00ffe7fffffffffffffe007e007e007e007c003,+
e03ff07ff07838003800381ff87ff8ff78f038f038f078f0f8f0f07fe03fc01f,6
003e003e003f803f803fc03fc03fe03df03df07ff0fff07f003c003c00180000,4
383ef87ff87ff01ff83ffefffe7ffc7f007c0038003c001e001fc00fc007c001,ラ
f01ff83e7c181c000e008f0fff1fff3f3ffc1ff81ff01ef03c78fc3ff01fc007,6
f01ff87f7cf81cf800f800f8007c003e801ff007f80078007c00fe7ffefffeff,2
f0fff0fff0ffe07f003e001e001e001f000f8007800780078007800780070001,7
e03ff87f78fc38f800f800fc007e001fc00ff003f8007c00fc00fcfffcff0000,2
f80ffc3f3e7e0e7e007e003e001fc00ff003f8007e003f007f00ffffff7f0030,2
c01ff07ff8fffcf838f800f800fc007fc03fe00ff001f800fc00fc7ffcfff8ff,2
c000f80ffc3f3f7e0f7c007c007e003fc01ff00ff8017e003f007f00ffffffff,2
0038007e807fe0fff0ffe0ff00fe00fe00fe00fe00fe00fe007e007e00000000,1
0000f01ff83f3c301e001e00fe3fffffffff1ff01ef01ef07cf8f87fe01f0000,6
f007781f1e0c0f000f00cf07ff1fff1f3f3c0f7c0f7c0f7c3f3cfe3ff80fe003,6
003e003f803fc03fe03ff039783838387c78fefffefffcff007c003800380000,4
0000000080039ce39cf7fcf7f8fff8ff787f3878007c003e001f000f000f0007,ッ
c007f01ffc7f7c7c007c007ec01fc01fc03f00ff00fc1cfc7efffe7ff81f2000,3
f0fff0fff0ff70e070e0f0ff70f030e030e070f0f8ff78e038e038fc18fc18f8,月
1c007c00fe00fc00e6000f303f783f7c1c7e083f801ff00ffc03fe007e003e00,シ
f81ffc3f3e7e1cfc00fc007c003fc03fe007f8003c003e007e00fe7ffe7ffc1f,2
803fc07fe07be001f000f007f03ff07ff079f0f0f0f0f0f0e07fc03f801f000f,6
f0fff0fff0ff70e0f0fff0ff70c030c070c0f0fff0ff38c038f038f838f00000,月
ff3fff3ff73e003c003c001e001f001f800fc00fe007f003f801fc0078007800,フ
8007800700078007fefffefffeff800780078007c007e003e001f001f001f000,ナ
f0fbf0fb30cb30cbf0dbf0fbf0f130c0b09fb09f309fb09fb0dfb0ffb0f9b0e9,開
0001c827fc7ffe7ffe7f8e6386418e418e61fe7ffeffbeff8c63800300030003,中
fefffefffeff803f801f800fc007c003e001e001f001f001f801f800f8006000,7
c003c003c003c003c003c003c007c007c007e00ff00ff83e3efc1ff80f700600,人
8007f01ffc7f3cfc00f800fcc03fc01fc01fc07f00fc00f81efcfefffc7ff81f,3
f03ff07ff87820700078007c003ec01fe00ff001f800f800fc7ffc7ff87f0000,2
c001c001c001c001c001c001c003c003e007e007f01ff03f787e7ffc1ff81ff0,人
e007f807ff07ff07ff07f007c007c007c007c007c007c007c007c007c007c007,1
c00ff03ff87ff87800700078007e003fe00ff007f001f800fc1ffc7ff87ff03f,2
0018001fe01ff81ff81ff03f003f003f001f000f001f803f803f001f001f0000,1
f03ff87ff8fc38f000f000f800fe803fc007e003f801f800f800f8fff8fff87f,2
f07ff8fff8fff07f003e001f000f800f800fc007c007c007e007f003e003e003,7
f07ff8ff7cf800f000f000fc007f003f00fc00f000f000f03cfcfcfff87fe01f,3
0000f01ff87f7c7c0078007c003e001fe00ff003f800fc00fc3ffc7ff83f0000,2
0000e01ff83f783838003800f80ffc3ffc7e3c7838783878787cf03fe01f8007,6
c000c001c001fe3fff7fff7fc763c361e773ff7fff7fe773c001c001c001c000,中
0000c03fc0ffc0ffc0f180f000f8007e803fc00fc003c003c0ffc0ff003f0000,2
0000000000000000e018fc3ffc7fdc73dc73dc73dc73dc73dc739c7300000000,m
0078007e003e001f001f000f800fc00fc00fc00fc00f800f001f003f00fe00fc,(
800380038003fc7ffe7ffe7f8e638e63fe7ffe7ffe7f8e638003800380030000,中
3c007c00fc00f801f003e007c007c007c007c007c007e003f001f801fe003f00,)
000000000000000000008003f03ff87ffc3ff81fc00100000000000000000000,·
0000001f801fe01fe01ff01ff81e7c3efc3ffcfffcfffc7f003f001e00000000,4
0000c01fe03ff003f800f80ff83ff87ff8f878f078f0f879f03fc03f00000000,6
0000000000000000c031f8fffcff9ce79ce79ce79ce79ce79ce79ce700000000,m
00000000fefffefffcff0078007c703ef81ff00fc00fc007800f000f00000000,マ
000000f000f800fc007f803fe01ffc1ffc1f781e001e001e001e001e001e000c,イ
0080e0f1f0fff0fff8ff3c78de38ee3fe01f801f800fc007f003f00170000000,ダ
000000000000000000000000fefffefffcfff87f000000000000000000000000,ー
0000803fc07fc0ff00f00078003e007f00fe00f800f0e0f9e0ff807f001e0000,3
0000f01ff83f7c7c18780078003e003fc01ff007f801fc00fc01fc3ffc7ff81f,2
e003fe3f3e7e1e7c0078003e801fc00fc03f007f0078007c0f7eff7ffe3ff007,3
000fe07ff079380038003c1ffc7ffcff7cf03ce03ce078f0f8f9f0ffe01f0000,6
800ff07ff87878207800780ff83ffc7f7c78787078707870f878f03fc01f0000,6
0000e03ff07ff8ff30f000f000fe807fc00ff007f800f800fc7ffc7f00000000,2
0078007c003c003e001e001e001f001f001f001f001f001e001e003e00fc00f8,(
00000000000000000000001ec0ffe0ffe0ffe03f000700000000000000000000,·
00181818f81dfc1ffc1f9e1f9e1ffe3ffcfef0fcf07c781c3c1c1e1c00180000,外
c01fe07ff0fff0ff70f800fc007e803fc00ff003f803f8fff8fff07f00000000,2
00f000f800fc00fe00fe00fe00fe00f000f000f000f000f000f000f000f00070,1
003e803fc03fe03fe03ff03c3c3c3c3cfe7fffffffff007c003c001c00000000,4
c003c00780078007000f001f001e001e001e001e001e000f000f8007c007e003,)
800fc01fe01ff01ff81f7c1e3e1e3f3fffffffffffff003f001e000c00000000,4
000000000000c001e003e003fe1fff7fff7fff7ff007e003e003e00100000000,+
00008001c003c003c007fe3ffffffffffffffc3fc003c003c003800100000000,+
00000002000670e770eff0ffe0ffe0ffe0ffe0780078007c003e001e001e000e,ッ
803fc07fc07fc07900700078003e003f007e00f800f0c0f1e0ffc07fc03f001f,3
e007f81ffc3f3f181f00ff07ff3fff7f1ff81ff81ffc7e7efc3ff00f00000000,6
001f001f803fc03fe03ff03e783c783e3c3efc7ffcfffcff003e003e001c001c,4
007c007c007e007f007f807f807bc07bc079e0ffe0ffc0ffc078007800780030,4
001c003f003f803fc03fe03de03cf03cf8fff8fff0ff003c0038003800000000,4
003f80ffc0ffc043c001e00fe07fe0ffe0f3e0e1c0e1c0e1c0ff807f003f001e,6
e0ffe0ffe0ffc0ff007c003c003c001e001f000f000f000f000f000f000f0002,7
f8fff8ff60fe007c003e001f000f800fc00fc007c007c007c003800300000000,7
000000000000000000000000000000000000801ff0fff0fff0fff0ff80ff0000,","
000000f800fe80ffe0ffc0ff00fe00fc00fc00fc00f800f800f800f800700000,1
e0ffe0ffc0de409ec0ffc0ffc0f3c0d2c0bf40bf409ec0bfc0ffc0ffc0fb40d3,開
e07ff87f3c003c003c1ffc7ffcff3cf03cf03cf07cf0f8fff03fc00f00000000,6
e01ff81ffe1fff1fff1fe01fc01fc01fc01fc01fc01fc01fc01f000000000000,1
10003806fc06fe06fe067e067c067c06fe06ffc63ee638ee38fe387e383e101c,札
c07fe07ff0f900f00078007c003fc00fe003f001f001f87ff8fff07f00000000,2
007f80ff80ffc0f380f100f000f8007e003f801f80078003c07fc0ffc0ff0000,2
c001fc0ffe1f3f3f1e3e083e001fc01ff007f8017c003f003f00ff3fff3fff3f,2
0000f01ff83f7c383c001e00fe0ffe3ffe7f3ef83ef03cf03cf8f87ff03fe01f,6
f03ffc3f3e000f000f00cf0fff1fff3f1f7c0ff80ff00f701e38fc3ff81ff00f,6
c00ff03ff07ff07f007c007ec03fc07f007e00787078f87ff87ff01f00000000,3
8007f03ff87ff8fc10f800f8007fc03fc07f00fc00f800f83cf8fcfff87ff03f,3
f83ffc7f7c780078007c003e801fe00ff001fc00fc00fc3ffc7ff83f00000000,2
8007e00ff80fff0fff0ffe0fc00fc01fc01fc03fc03fe03fe03fe03fc01f0000,1
0000c01ff01ffc3fff3ffe3fc03fc03fc03fc03fc03fc03fc03fc03fc03f801f,1
8001f81ffc3f7e3e1e3c003c003e801fe00ff803fc007e007e00fe7ffe7ffe7f,2
f81ff83f38381e001e009e07fe1ffeff1ef01ef01ef03ef07e70f83ff00fe007,6
f01ff83f783e003c001c001fc00fc01f003f007c00780c783e7cfc3ff81ff00f,3
f01ff83f3c381c001c0ffc3ffc7f3c781c781c783c78fc7ff01fe00f00000000,6
e07ff0ffe0fc00f8007c803f807f00fe00f000f070f8f0fff03fc01f00000000,3
e00ff81f783f003c003e801fc01f803f007e00fc08fcfc7ff83ff01f00000000,3
0000f81ff83f387c007c003fc01fc03f007e007c00f87c7efc7ff03f80070000,3
e01ff87ff8fe30fc00fc007c003fc03f00fe00f800f000f0f8fff87ff03fc007,3
c03fe07f70207800781ff87ff87f78f078f078f0f8f0f07fe03f800f00000000,6
0000f00ff81f703e003c003e801fc01f803f007e00fc18fcfc7efc3ff01fe007,3
e00ff03ff83c78183800f80ffc3ffc7f3c7838787878f83ff01fe00f00000000,6
e01ff87ffc7f38f000f8007c003fe01ff007f801fc00fc7ffc7ff87f00000000,2
8000c001c341c3e1c3e1c3e1c3e1c3e1c3e1c3e1c3e1c3f1efffffffffff03c0,山
f00ff83f7e3e1f380f380f780ff80ff80ff80ff80f780f383f387e3ef80ff007,0
0000e00ff03ffc7f7cf83cf01cf01cf01cf01cf03cf8fcfcf83fe01f00000000,0
f81ffc3f7efe1cf81cf01ce01fe01fe01fe01ee01ce01cf03cf8fc7ff01fe00f,0
3e7fff7ffb07fb07bf3f9e3f1c331833983f993f191f9903bf03bf0707030200,距
00003c00ff24307e307eb367f73ffe3f183e7c3cff3cff3cff64ff7eef0c0204,離
e003fffffffffe7ff00070007000f83ffe3f3f303e3038303030f03ff03ff03f,右
80018001fe7fffffffff87e1c7e3e7e7ffff7ffe1ffc0ff007e007f007f00270,内
c001f007f81ffc3f3e3c1f781f781ff81ff81ff81f783e3c3e3efc1ff80ff007,0
8001fe7fffff00000000fc3ffe3f0e30fe3ffc3f800388038e33cfe3e641e000,京
f007fc1f7e3f1ffc0ff80ff807f007f007f007f00ff80ff83ffcfe3ff81fe007,0
c001f801fc01fc01fc01fe01fe01ce01cee1cef9ceffce7fcf3fc71fc707c303,ル
c001ff7ffffff803e000f000f03ff83ffc1f0e06060602068c1ffcfff8fff87f,左
c001f807fe1fff3f1f3e1f3c0f7c0f7c0ffc0f7c0f7c1f3c3f3efe1ffc0ff007,0
0700070007000f00ff00ff07ff3fffffcfff07fe070007000700070007000700,ト
02000f001f3f1f3f9c3f9c33bf333f3f1e3f1c331c333e332638c37fc0ff807f,短
00003c00fe6430fc207e3067f47ffcff187e7e7efffe3e7efe66fe7eff1c4204,離
1018fc7fffff3c3c1818fc3ffffffe7f0038001c8c0ffe03ff01e73f80ff007f,芝
38003c00fc3ffc3f7c007c00f83f38087e0cfc77987718ff1c7ffcf8fce07cc0,長
00001800fefffcfffccdfe7f7c3e7c7cfc7cfecfcfcfeefffcfffc0f0c0c0000,都
1f7f9f3f190118018f3f8f3f8d3fd837f137ff3eff1efd1ff03fe13f80230000,阪
00000c0c1f7f3fff9eff18ff9cff9effffffbfff8fff06ff043e040e040c0404,神
00000c001ee3bfe39ff78fff87ff87ff877fe77fefff7f3f0c3984f980f00060,幌
ff3fff3f1f000f001f00ff1fff7ffeff00f000f000f004f00ef8ff7ffc1ff00f,5
8003fc3f7c3c1e701ff01ef03ef07cf8f8fff0ff00f000f00cf8fe7ffc3ff00f,9
f00ff81f7c7e3efc1ff81ff00ff00ff01ff01ff01ff03e783c3cfc3ff01fc00f,0
0003f83f7cf83cf03cf07878f03ff03ff87c7cf03ef03ef03cf0fcfff03fc00f,8
fc3ffc3f3c181c001c00fc0ffe1ffe3f00fc00f800f000f00ff8fe7ffc3ff80f,5
807fc27fe23700230e200c6006e326e7ffe79ee70c7f9e39ff79df7f8ffe0e40,級
ffffffffffff007c0078003ce03ff01ff01ff007f00078007c007c003e001e00,ア
f007f81f3c3e1e781e783c3cfc3ffc3ffe7f1ff80ff00ff01ff8fe7ff81fe003,8
807fc67fe2771f231e231c670ee726e7fee79ce7187f987bda7b817f8fe60e40,級
f003fc0f7e1f1f3c0f780f781ffcfefffcfff07f0078007c0e3efe1ffc0fe003,9
807f867fe23f12231e621ce20ce26ee7fee79e670c7f8c39ce798eff9cff0840,級
f81ffc3ffc3f3e001e00be07fe3ffe3f3c7c007800f800783e7cfc3ff81fe007,5
fc3ffe7ffe1f3e001e003e00ff3fff7f1efc00f800f80cf81ffcfe7ffc1ff80f,5
8000f80ffc3f3f3e1ff80ff81ff83ffcfefffcff00f800f800787e3ffc1ff807,9
03c0fffffffffeff00780078e03cf01ff01ff01ff001f80078007c003e001e00,ア
047f8e7ffe7f1e231c201c620ce26ee7fe671c271c27bc39fe799e7f9eff1e40,級
fc03fefffefff8ff00100000ff7fff7fc007c003e001e001f001f00078003800,デ
c003f81ffc3f3e7c3e781ef81ff01ff01ff01ff81ff83e7cfc7ffc3ff01f8003,0
fc3ffc3ffc1ffc1f001e001e001e001e001e001e001f003fffffffff02e00000,ュ
c01ff03ffc7f3c781cf81ef81ff81ff81ff81ff81ef87c38fc3cfc1fe0078001,0
c003f81f7c3e1e3c1c3c3c3cfc3ffc3ffe3f3e7c1ff81ff83e7efc3ff81fc003,8
e001f807fc1f1e3c1f3c1e1efc1ffc1ffe1f1f3c1f7c1ffc1f7cfe3ffc1ff007,8
fe1fff3fff1f3f001f00ff03ff0fff3f1e3e007c007c007c1f3eff3ffc0ff807,5
fe7ffe7fc003c003fe7fefffffffc7e3c6e3fc3ff81ffc1fde3f866180010000,東
8001fc3ffffffc3ff81ffc3ffc3f1c38fc3ffc3f800780038c33c623e001c000,京
ffffffff3c3c1818fc1fff3fff7f00380018040fce07ff01ff01e77f00ff007c,芝
f807ff7f3ffe07fc00f800fc00fc007ff007fc017e003f003f007f00ffffff7f,2
f00ff83ffe3f1f3c1e701ef01ef01ef01ef01ef01ef01f381f3cfe3ff80ff003,0
000000f8007c007c003c003c003e003e003f003f003e003c003c007c00fc00f8,(
8001c003fe7fffffffffc7e3c3c3c7e3ffffffffffffc0c3c003c00380018001,中
000038007e3c703e203e303fb03ffc3ffc3f183e7e3cff3cff3cff647f7c3e7c,離
0001c00ffcff80078007fcfffcfffcff8cf7fc7ff01ff01ff83f8ef380c30001,東
0000fc3ffe3ffe1f7e013e01fe0ffe1f3e3e003c007c00781e3cfe3ffc1ff807,5
800fc00fe00ff00ff80ff80f7c0e3e0e1f1f9f7fffffffffffff001e000e000e,4
f003fc1f3e3e0f780f780ff00ff83ffefcfff8ff00f800f80c7c7e3ffe1ff803,9
e00ff81f7c3c3c783c78783cf83ff83ffc7f3ef81ef01ef03ef8fc7ef83fe00f,8
e007f81f3c3c1e381e383c3cf81ff81ffc3f1e7c1ff81ff81f7c7e7efc3ff00f,8
e007f81f7c3f3c3c1e781e780f780ff80ff81ff81ff81f783e7cfc3ff81ff00f,0
fc3ffeff3ff804f000f000f8007e003ff00ff8037c007f007f00ff7fffffffff,2
f807fc0f1f3e1f780ff80ff81ffc3efefcff00f800f804781f3cff1ff807e003,9
c001fe3f3eff0cfe00fc007e003fe01f803f00fe00f000f006fcff7ffe3ff80f,3
8003f83f7c783c300e000f00ef0fff3f3f7c3ff03ff03ff03cf8f87ff03fc00f,6
f83ffc7ffc3f1c001e009f0fff3ffeff00f800f800f004f81ef8fc3ff00fc003,5
8000fc1f1f7c0f780f781e3cfc1ffc1f3e3e1f7c0f780ff80f78ff7ffc1ff007,8
007f847fe43f34223c623ce21ce67ce7feef1cef087e8c79dc799cff1cff1840,級
e003fc1f1c3c1c3c1c3c3c3efc3ff81ffe1f1f3c07f007f00ff8fe7ffc3ff80f,8
803fe03ff03ff03fc03f003f003f003f003f003f003f003f003f001e00000000,1
8003f00ff83f7c7e3ffc1ff81ff01ff01ff01ff01ff81ff83efcfc7ff81ff00f,0
c003f00ffc1f3c3c1c381c3cfc1ff81ff81ffe3f1f781ff81f787e3efc3ff00f,8
ffffffff07fc007c007ce03ef03ff01ff00ff80f78007c003c003e001f000f00,ァ
c00180019c019c019c019e019e01dee1def1def9de7fce3fcf1fc70fc707c401,ル
f007f80ffc3f1e3e1f3c1f7c1ffc1ffc1ffc1ffc1f7c1f3c1e3efc3ff80ff003,0
fc3ffc7f7c003c003c00fc1ffc3ffe7f1c7800f000f018f87e7cfe7ffc3ff00f,5
c001f007fc1f3c3c1e781e781ef8fcfffcfff8ffc0f90078087cfc3ffc1ff807,9
0000ff3fff1f1f001f001f00ff1fff3f3f7c04f800f800fc1efcff7ffe1ff80f,5
e007fc1ffe3f1e781ef01ef01ef8fefffcfff0fb00f000781c3cfc3ff80fe003,9
0000003fc07ff07fe07f807f007e007f007f007f007f007f007f003e00000000,1
e003f80ffe3f1e7c1f781e78fc3ffc1ffe3ffe7f0ff80ff80f783f7cfc1ff007,8
0000fcfffc7f3c003e007e00ff3fffff3efc00f000f018f03ef8fefff83ff00f,5
0003e01ff87f7c783f001f00ff1fff7f7ffe3ff81ff01ff03ef8fcfef87ff00f,6
e007f00f380c381c981d98198c19cc338c310e300670e667e76773ee3ffc1e7c,A
fe7fffe003e083ffc33fc301833103700378c37fc33fc300c300e700ff007e00,F
fc3fffff07e087ffc77fe639463006600670c63fe61fe600660066007e007e00,F
8007f03f3c700ee0c6ffc37f6330730073006300c77886ff0ee03c70f03f800f,C
e00ff00f300c30189819981998399c338c710c600660e6e7e6cf37cc3ff81ef8,A
c00ff03e38700c63c67fe63c673c237f23e363c7e6cfc6cf0ce01c60f87fe01f,G
c007f83f1c700e63c67f623c227cb3e1b3c1e2c7e6cfc6c40ce03870f03fc007,G
fc03ff1f073c8360c3e3c3e3c371037003e0c3c7c3c6c3c783e10370ff3ffe1f,B
fe01ff0f031e4330f361f36333e633e633e633e63363f3614330031eff0ffe03,D
e00ff83e1c700e63c77fe33c737cb3ff93c1f3c763cec3cf06c11c60f83fe01f,G
fc3fffff07e083ffe37fe33f033803300338e31fe300e37f03e007e0fefffe7f,E
fe0fff1f03304360e3e3e3c763ce63ce63ce63c6e3c7e3630370033cff1ffe07,D
fe07fe1f0738c770e763e763c73107300660e6e366c7e6c3c6610778fe3ffc0f,B
e003781e1e388771c37fc33f871f0e383c70fce1fec3e3e387600e78fc3ff00f,S
e01ffc0fff0fff0ffc0fc00fc00fe00fe00fe00fe00fc00fe01fc00f00000000,1
c007f01ffc3f7c3e083c003ee01fe00fe01fe03f007800f81c7cfe7ffc3ff81f,3
3018fc3efe7f00000000fce0cce5fce5fce5cce5cce5fce5e4e9c4f9cc780000,前
f00ffc1f0e3c0e381e3cfc1ff81ff81ffc3f1f7c07f807f00f78ff3ff81ff007,8
800398039803980398039c039c039e038ec38ef78eff8e7f8f3f8f1f87078703,ル
0c001e003e3e3c7f387f38733f737f3f3e3e3c223c233c323e30847f80ff807f,短
f003f807fe1f1f1e0f3c077c0ffc1ffcfffffcff607c003c063cff3ffe0ffc07,9
00007c18fc3e7e0e7e06fe3e7efe387efc7efc667c66fc63fe63f86338701020,新
ecf1fcf0f0f0e0f0fef0fff0e0ffc001c001fcfffcff3ee007e003fc00780030,潟
fc3ffc3f3e000f000f00df0fff1ffe3f083c007800f800f80e7c7e3ff81ff00f,5
ff7ffffffffff7f100f000f8007c007c003e003f801fc007f803f801f8007800,フ
00000000f87ff8fff8ff107c007fc03fc03fc01fe00be001f000f80070000000,ァ
00007c44fcffcc7fce00cf19cfffce1cfe7ffc3ffc18cc3dcc3f4c18cc3c8c3f,催
003fc67fde3f1f230e631e671ee73ee7fee71e671c779e3bff3b9f7f8e640400,級
003f867ff63f1e231e201c723ee67ee7fee73c671c3fbc3bfe3b9e7f9c6d0800,級
e007f83ffc7f387e007c007c003fe01fe03f007e00f808f83ef87efcfc7ff01f,3
fe1fff1f3f001f001f00ff1fff3f1f3e047c00f800f80efc3f7eff3ffc0ff007,5
0000000000000000f01ff81ff81ff01f001e001e001e001e003ffc7ffcfffc7f,ュ
8003e01ff87f3cf83c787c38f83ff83ffc7f1ef81ff81ff81ef8fc7ff01f8007,8
c007f01ffc3f3c001c001c00fe1fff3f3f3c1e781cf83cfc7c7efc3ff80f8007,6
e003f80ffc3f1e3c1e381e383e7cfefffc7fe03f0038003c1c3efc1ff80fc001,9
08000c03c633861f801ff87ffcfffeff8e03ce03fe3fee3fcc3f8e1f863f843f,後
8007f81ffc3f7c7e1cf800f8007c803fc01fe007f003f8017c00fe00ffffffff,2
c003f01ff83f383c3c3c1c381e701ef01ef03e703c783c3cfc3efc3ff01fc001,0
c003f80ffc3f3e7c0f780f780f780ff80ff80f781f7c3f7c3f7efe3ff80f8001,0
000fc01ff01fff1fff1fff1ff81f003f00ff80ffc0ff803f001f001f803f803f,1
00008c39dc3bdc3bdc3bc003ef07ff7fc003fe7fffffffffe007c00380010000,半
007f8c7ffc7f3c223c223c727cee7ce6fce73ce7387ffc73fc7bbc7f1ced1840,級
f00ffc1ffe3f1f000f000700ff1fff3f1f3e0ff80ff81ff81f78ff3ff80fe001,6
c003f003fc03ff03ff03ff03fe03e007c00fe01ff00fe007c003c003e007e007,1
feffffff3efe007c007ce03fe03ff01ff01ff00ff80078007c003c003e001e00,ァ
0001c007fe7f80078007c63ee63ce63fe63fe63f6638e638ce1ffe3ffe7ffc7f,直
0004001e86ffc3e3c7e3cfffceffee7f7f1e7f1fbc3fbc3fe47fe07f000e0000,線
fffffffffffffffb0078e078f03ff01ff01ff004f80078003c003c001e000800,ア
0000847f9e7f3f331e731c730c73fe67ff67ff67ff7ffc39dc3d9c7f9c670800,級
fc1ffc7ffcff00780000ff3fff7fff7fec3fc001e001e000f000780038003000,デ
004004f80ff80f380e3ffe3ffe1ffe011e000e000e000e001e00fe7ffefffcff,ビ
100c381efe7fff7f0e7006607e64ee64ee64fe64fe64fe60fe70ee30e63c6418,前
8003f83ffc7f3e300f000f008f0fff3f7f7e0ff00ff00ff01ff07efcfc3ff81f,6
c003f80ffe1f1f3c0f780ff80ff80ff80ff80ff80ff80ff81ffcff3ffe3ff81f,0
e003f80ffe3f1f7c0f780ff80ff81efcfcfff0ffc0f0007000781c7cfc3ff80f,9
fe3f0f7003e0c37fc33fc33f03380338c33fe31fe301c37f03e007e0fefffc3f,E
fe07e70f0338c370e36363e723c633ce33ce33c66367e3610330071cff0ffe01,D
fe0fff1f0330c361e363e36303700370c361e3c7e3c7e3c303600770ff3ffc07,B
0000e000f001f003f003f003ff3fff7fff3ff807f003f003e001000000000000,+
800ff03ff87f3e703e003e003e0ffe3ffe7e3ef01ef03ef03ef0fcf8f87ff01f,6
000fc00fe00ff80ff80ff00f800f800f800f800f800f800f800f800f801f000f,1
8003f01f7c3c1ef81e783e38fc3ff81ffc3f3ef81ef01ef01ef03ef8fe3ff01f,8
e001f801ff01ff03ff07ff07f00ff00ff00ff00ff00ff00ff00ff00ff00fe007,1
e007f81ffc3f3c781cf01ef03ef07cf8fcfff0ffc0f100f000f83c7cfc3ff81f,9
fc3ffe3f3f001f000f001f00ff1fff7f1ef800f000f000f01ffc7ffefc3ff81f,5
e001f80ffc1f1f3c1f3c0f381f381efcfcfff8ffe07c00380c381e3efe1ff80f,9
8007e01f787c3cf83cf87c78f87ff03ff87f7cf83cf01ef03ef07cf8fc7ff01f,8
001007180738073fcf3fff3fff03ff000f000700070007000f00ff7ffffffeff,ビ
00000000c01ff03ff03fe03f003e003c001c001c001ef8fff8fff8ff00000000,ュ
f03ff87ff87ff87f000000000000000000000060fcfffefffeff000000000000,ニ
00000c7f9e7f3e463e463cc63cc67ec7fec7bccf3cfffc73fc73bc7f1c7f1800,級
00003c03fe33861f8c1ffceffcffceff8ee7ce7fce7fcc338c3f8c7fcc400000,後
8001dc31dc31dc31d831fe7ffe7ffe7fc003c607ffffffffc003c00380010000,半
f007fc1f1c381c381c3cfc1ff81ffc1f3f3e0f7c0ff81ffcfe3ffc3ff00f8001,8
f01ffc3f3e7c1f781ff01ff01ff01ff01ff01ff01ff83ffcfe7ffc3fe0070000,0
f01ff83f7c301e000e001f0fff3f7ffc1ff01ff01ef03ef8fcfff83fe00f0003,6
f000f87ffcfffc7ffe7f1f780f78073c033c001e000f800ff007f803f8007800,ク
7800fc01fc01e00107001fe03ff03ef838fc003e803fe01ffc07fc03fc003800,シ
00000003b8e7f8e7f8f7f0fff07ff07f703c003c003e001f000f000700000000,ッ
0000847f8e7f3f471e433ce73ce73ec7fec7fec71e7ffe33fe739e7f8eef0000,級
f87ffcff3cf01ce0fcfffcfffcff1ce01ce07cf8fcff0ee00ee007f006fc0038,月
000c7c1eff7f00400040fc60fc60fe64fe64fe64ee64fe64fe60ee78ee78cc38,前
f80ffc1f3f7c0f780f780f781ff87efcf8fff0f3007000783e7cfe3ff81fc001,9
0000783efeff00400000fc40fc40fc4cfc4cfe4cee4cfe4cfe78e678e6784430,前
fc3ffe1f3e001e001e00fe0fff3f7efe00f800f800f80ff8fffffe3ff00f0000,5
f80ffc3f0f7c0ff80ff80ff81ff8fefefcfff0f800f80c78fe3ffc3fe0070000,9
f01ff83f3c381e000f008f07ff3f7f3f1f7c0f780f781e7cfc3ff83ff00f0000,6
f01ffc7f3cfc00f800f8007ec03fc03f00ff00f800f01ff8fffffcfff01f0000,3
f00ff81f3c781c783c787c3ef81ff81f7e3e1f780f701f783e7cfc3ff81f8001,8
fc7ffc7f7c003c001c003c00fc3ffeff3cf800f000f000f01ef0fefcfe7ff81f,5
e001fc1f7e3e1f780ff007f00ff00ffc7ffffcff00f800f000f00f7eff3ff80f,9
7cf0fcf0fcf1e00107000fe03ff03ef818fc003e801fe00ffc07fc017c001c00,ジ
00000000e01ff01ff81ff01f001e000e000e000e000ef01ffc7ffc7ffc3f0000,ュ
007f1e7f3e671c661c663cc63cc6fecffe4ffc7ffc7ffc7fbe7f1eff18000000,級
381cfe7ffe7ff800fc00fc60fc60fc60fc60fc60fc60fc60fc78e478e4784018,前
fc7ffc7f3c001c001c00fc7ffcff38f800f000f000f000f0fefffcfff87fe01f,5
380c3c1c1e3c0e381c1cfc1ff81ffc3f7e7e0f7c0ff80ff83f7efe3ff80fe007,8
3c1e3e3e1f3c0f380f781ff83efcfcfff8ff00fc00f80078fc3ffc3ff81ff007,9
00000000f03ff07ff03ff03f003c001c001c001c001c003ffcfffcfff8ff0000,ュ
003f8e7f1e671e061e421e423ec6fec7fe47fe7fbc7ffe7fde7f9e7f0e000000,級
00028c23841f841f883ffcfffcffceff8e67ce7ffe7fcc338c338c3f8c7f0060,後
8001dc31dc31dc31c821cc23fe7ffe7fe007f007fefffffffe7fc003c0018001,半
e03ff87f3ce01c001c001e00ff1fff7ffff81ff01ff01ef03cf0fcfff87fe01f,6
f007f80f3e3c1e780e780ff81ef87efcfcffe0ff80f10070007cfc3ffe1ffc0f,9
e00ff81f3c181e001e00fe03ff1fff3f3f7e1ef81ef83e7efe3ffc1ff0070000,6
fc7ffc7f3c701c60fc7ffc7ffc7f1e701e78fe7ffe7f0f600770077c037c0238,月
0000f83cfeff00c000c0fcc1fcc9fcc9fcc8fcc8fce8fcf8fcf0dcf8cc700000,前
00008c3ffe3f3e273e223c663c67fe67fe67fc67fc7ffc79fe7f9e7f1c000000,級
00087c3efe7f00620040fc61fc65fc65fc65fc65fc65fc61ec79ec79c4380000,前
f80ffc1f1e3c0e780ff01ff03ef8fcfff8ffc0fb00f000f8fe7ffc1ff0078001,9
fc3ffc3f7c003c003c00fc1ffc3ffc7e00f800f800f83efcfc7ffc3ff81f8001,5
f01ff87f18fc00fc007c003fe01fe01f007f00fc00fc3efcfefffe3ff80f8001,3
3018fc3effff00400040fc60fce0fc60fc60fc60fc60fc60fcf0ec78c4780000,前
8001c003fe7ffe7ffc3ffc3ffc7ffc7ffc3ff83f800388219c719ef1e6e1e001,京
08001cf8fcfdfcddfcc9fe79fe79f878f879fec98fd9cef9ced9ce09fe09fe00,都
000cfefffefffe7f180f8003fe3ffe3f0038001c880ffc03fe01f601e2ff80ff,芝
0000000000000000e43dfe7ffe7f9e739e719e719e719e719e719e6100000000,m
8001c001e003ffffffffe7f1c3e1c3c1c7e1eff7ffffffffc301c001c0018001,中
3e7e3f7f370733033f073f7f387730633067307f313f310739033f7f3f7f0606,距
1000fe0078f830fc78ffffcfeffffeff30fc30f8fef88f780048ff78ff780018,離
c001c003ff7fff7ff8007000f800fc3ffe3f7f781f701e7018703878f87ff83f,右
80018001c003ffffffffe7e3c3c1c3c3e7e77ffe3ffc07f003e003f003f00370,内
80018001800183c183c183c183c183c183c183c183c1c7e3eff7ffffffff0ff0,山
101cfe7ffe7f383c0000c003fe3ffe3f003c001e0407fe01fe01ff03e2ffc0ff,芝
f807fc0f3f3f0f7c0f780f78077807f807f807780f780f780f7c3f3ffc0ff807,0
e007f81ffc3f3c3c1e3c0f7807f007e007e007f00f781e3c3c3cfc3ff81fe007,0
3cfe3cff7c0770037c3f3c7f387f30633063307f307fb003300338073f7f0f07,距
10007e207e3c303c103eb03ff33fd83f183e7e3cff3ccf3c8f34ff7cff7c420c,離
8001fe7ffc3fc001c003fe7ffe7ffe3ffe7ffe7ffe3ff81ff81b8c7180610001,東
8001e003e00700000000fc3ffe7ffe7ffe7ffc3fc00380018e71cff1e7e1e001,京
00100038007c007f007f007c0078007800780078007800780078007800300000,1
f807fc1f3f180f000f008f01ff0fff3f3f7c0f780ff80ff80f783f38fc0ff807,6
00000000fc7ffc7f007e003c001e701ff00fe007c007c0078007000700020000,マ
c000c001fe7fff7ff000e000f001f83ff83ffe0f0e0700030007f8fff8fff87f,左
00c0f0f8f0fff87ffc3f1e381f38ff3ff21fc00f800f8007e003f001f8003800,ダ
0007c00fe00ff007f807fc077e063e041f0eff3fff7ffe7f803f001f00060000,4
e00ff01ffc7e3ef81ef80ef00ee00fe00fe00ee00ef01ef83ef8fc7ef01fe00f,0
0f000f000f000f001f007f00ff1fff7fffff1ffc0ff00f000f000f000f000f00,ト
f01ff83ffc7f3c781ff00ef006f006f006f00ef01ef01ef03e78fe7ff83ff00f,0
0000000000000000ec18fe3ffe3fde3b8e3b8e3b8e3b8e3b8e3b8e3b00000000,m
8003fefffeff00000000fc3ffc7ffc7ffc3ff83f800380039c719ef1e6c1e001,京
043f0c3f3e3f3e3f1e3f1e3f3e337e3f3e3e1c361c223c233e33063806ff007f,短
1e7f1f7f130313011f031f7f1cf318e318f31bff1f3f1f031f011f7f1fff067f,距
00007e007f7c7e7e7e7efe7ffe7f387f187e3c7cfe7ecf7ecf7eff7efe7e0000,離
181cfefffeff7e7e800dc003f03fc03f003c083e0c0ffe07fe03fe43c6ff80ff,芝
f81ffc3ffefc3ef800f800f80078803fe01ff8037c007e007e00fe00ffffffff,2
00007e007e7c7e7e3c7ffe3ffe3f3c3f183e7c3cfe3cde3cde3cfe3cfe7c0004,離
8001c003cc03dc03dc03de03de03df63cff3c7fbc77fc73fc71fc707c3038000,ル
0001fe7ff007c001c003fe7feef3cef3c6f3fefffe7ff81ff81f9c730ee10000,東
f80ffc3f7efc08f000f000fc003fe03fe07f00f800f000f01ef0fffcfc7ff80f,3
f00ffc3f7ffc1ff80ff00ff00ff00ff00ff00ff00ff00ff01ff87ffefc3ff00f,0
0000000000000000e40efe1ffe3fce3bce71ce71ce71ce71ce31cc3100000000,m
f83f3c003c003c10fc3ffc3ffc1ffc0ffc0fff7ffe7f8c7f0c7f1c7c7ef87c40,長
10007e007c6c307c007c026f877ffc7f387e7e7cff7c0f7c0f6cff6cff7c000c,離
08003cf8fcfcdcfcdcc8fe79fe7c7e7cfe7cffccc7ccc6fcc4fcc41c7c1c0c08,都
000018083c0cfc0fdc1f8e1f8f1fff1fff3ff0fc70fc703c381c1e1c0e0c060c,外
1f7e3f7f3b0119018f078fff8fff0bc781c7f17ff979f139c179c1ffc1460000,阪
0004061c0f3ebeff9cff9cfc8cff8effdfffdffd8ffd0eff0e1c0e1c0c1c0c08,神
7e00fe0870f820fc00fe02cf06fff8ff78fcfefcfffc0ffc1fccffdcff7c0008,離
8001c001e003ffffe77bc721c703e703f72f7f7e3f7c07200700072007780338,内
0000100e7c0efe0ffe0e7e0e7c0efc0efe0fff8f1fcf12ce00ce00fe10fe107c,札
00fe0ce39ee1ffe3bfff3cff3cff381e381ef8fff87f383b0831887180f180f0,幌
1e7fbf7fbf03b303bf1fbf3f9c3f98339833b83fb83f980398039f039f3f0703,距
00007e48787c107e007e807fe37fb87f187e3e7e7f7e8f7e8f7edf7eff7e0004,離
04ff0c7f3e003e003ee638e67ce6feff7efe3c443c463c462e600e6004ff00ff,短
00007e007cfc30fc00fe00efc3ffbcff1cee7eecfffc8fff8fcfffec7f7c0204,離
7800f801f803e003c007c0078007800780078007c007c007e007f003f801f800,)
c003f00ffc1f3c3c1c381c3c381ff81f3c3c1e781ff80ff81ffc3c7ff83f8000,8
8001e007fc1f3c3e1e381f380e380e780ef80ef80e781f381e3cfc3ffc1ff80f,0
0003c00ffc3f7cfc3ff01ff00fe00fe00fe00fe00fe01ff03ef07cfefc3ff81f,0
00000000000000000000000000000000000000000000c03ff0fff8fff0ffc0ff,","
fe1ffe1f1f000f000f00ff07ff1f1f3e007800f800f800f800f8fefffe3ff81f,5
800fc01fe01ff01ff00f7c083e001f080f1c0f3efffffffffeff003e001c0000,4
c007f03ffcff1ffc0ff800f000f800fe003fc003fc017f003f00ff00ffffffff,2
f8fffc7f3c003c003c00fc0ffe3ffeff00f000f000f000f010f0fcfffcfff87f,5
c007e01ff87ffcf83ef01ff00ff01ff00ff01ff01ff03ff07ef0fcffe03f0007,0
fc3ffe3fc00380018001c733c73bff3ffe3ffc3ffc3ffc1ffc1f867182618001,東
c003e00700000000fc1ffe3ffe3ffc3ffc3ff81f800380018e31cf31e701e001,京
fe3fff7f3c3e001c8000fe3fff3ffe3f003c000e0c07fe01ff01f703c27f007e,芝
e001f83fffff0ff800f80078007ec03fe00ff8013c001f001f00ff1fff7fff7f,2
0008801fe01ff01ff01ffc1f3e1e1f1e1f1ebf3ffffffe7f003e003e001c0008,4
3c007c0870f830fc30fcf0fff8ff18ff18fcfefcfffcbffc3ff87ff87f780000,離
0007c01ff07f78fe3cf01cf01cf01ef01ff01ff01ef03cf03cf8fcfffc3fe01f,0
f807fc0f0f3807780f78ff3ffe1ffe0fff1f0f7807f807f807780f38fc0ff807,8
8003e00ff83f3c181e001f000f02df0f7f3c3f781ff81ff81ef87c3efc3ff81f,6
10007e787e7c660c660cff1e7ffe3cfc7efc7e0c7c0e7c06fe07fe0318001800,新
e0f0f6f070f0e0f0e0f0f7f0e0f1e07fe001e07ffeff3fe037c073e060f80078,潟
8003fefffe7f800380016630e670e67fe67fe6786670462006000600fe7ffe7f,直
0004007f82ff87e19fc39effbefffe3f7f1c7f7eef7faf7f2c7fe84fc00f0006,線
e01ff03c1c701cf03cf078f8f87ff87ff87f1cf81ef01ff01ff0fefcfc7fe01f,8
e003fc3fff3f1f7c0ef8007c003e801ff007f8003e001f003f7ffffffffffe7f,2
801fe03ff83ffe3ffe3f803f803f803f803f803f803f803f803f803fc03f801f,1
e00ff83f1c700e63c67f663e377fb7e1b7c1e6cfc6cf06c01c60f83fe01f0003,G
8007f03f78781ce08eefc67fe738670063006700e778ceff1ce73c70f03fe01f,C
e003f007f00f300c380c18189819cc398c390c300630e663f6673ffe3ffc1e78,A
e007f81f1c388e61c777c73f061f0c307860fcc37ec7e7c387611c78f83ff00f,S
c01fe03f707838001c001c00fc1ffe7f7ef83ef01ee03ce07cf0fcfff87fe03f,6
f807fc1f3e3c1f380f380f380f783e7cfc7ff03de0380038083c3c3ffc1ff80f,9
f80ffe1f1e3c0f380f380f781f7efefffc7fe03f00380038fc3ffe1ffc0ff003,9
f807780f3c1e3e3c1e381e781e781f781f381e381e3c1e3efc3ffc1ff80fe007,0
c01ff01f3c101e000e000e00ff07ff7f7ffc1ff00fe01ef03ef8fefcfc7ff01f,6
e00178061e780e701e783e7cfc3ffc3ffe7f1f780ff00ff01ff07e7cfc3ff81f,8
f803fc071f3c0f7c0778077807781ffefffff0ffc0f00078007cfe3fff1ff80f,9
c00fc01f1c781e000f0007000f0fff7f3f7c1ff01ff01ff01ff0fffffc7fe00f,6
e003fc03ff03ff03ff03ff03f003f003f003f003f003f003f003f003e003e003,1
f00f781e3e3c0e700ff00ff01ef0fefffcfff8ffc0f100f000787e7efe3ff00f,9
fc7ffcff1cf01cf0fcfffcff1cf01cf0fcfffcff1cf00ce00ef007f800380000,月
0000301cfc7ffefffef18460fc61ec6fec6ffc67fc67fc61ec61ec79e4784438,前
800180338c7b9c3b9c3b9c33fe7fff7ffe7fc003ffffffffc007800380038001,半
8001f81ffc3f1e780ef00ff00ef01efcfefffcfff0fb00f000f83c7cfe1ffc0f,9
0000e007f807fe07ff07ff07e007e007e007e007e007e00fe01fe03fe03fe01f,1
00000001ce33ce1f860f883ffc7fdee7cf67ce3ffe3ffc3b8c1f8c3ffc794c20,後
1e7fbf7fb307a3031f071fff1fef13c7b3cfff7fff39ff39c37bc37f83470000,阪
08080c1c1e3efffffeff98db98ff9cffbfffbfdb9fff0c7f0c3c0c1c0c180808,神
007e0c7f3c003e003eff98fffce7fefffeff1c663c463c467e660e7e06ff007f,短
0008381cfe7fffffff7c0660fe64fe647e647e646e64fe60ee70ee78ee780618,前
00019c13fe1bc61f840ffc7ffc67ce47cf77cf7ffe7fec398c3f8c7fec710400,後
fc07fe1f1f7c0f7807f00ff01ff01ffcfefff0fd00f000f000783f3eff1ffc0f,9
fc1ffc1f3c001c001c001c00fc1ffc3f183c007c00f800f83f7cff3ffe1ffc0f,5
00001c383c3cfc3ffc3f9e3f9e3fff3ffe3ff0fcf0fc707c3c3c1e3c0e3c0218,外
e01ff87ff8383c003c003c00fe1ffe7ffef83cf03ce03cf07cf0f8fce07f0000,6
fc3ffc3ffc1f1c001c003c00fc1ffe3f7c3c107800f800f80078fe3ffc3ff81f,5
f00ffc3f3efe1ff800f000f800fc003fc00ff0017c003e00ff7fffffffffffff,2
fe7ffe7ffc3f00000040ffffffff06fe007c007c003e001fc00fe007e0010000,ラ
4000e001f0fff8fffcff7cf03e781f78063c003e001f800fe007f003f0016000,ク
0000847fd67f37631e631cf33ee7fec7ffc7be4f9c7bfc39df7b9cff08000000,級
300c781efe7ffe7f8060fc60fe64ee24ee24ee24fe24fe20fe30ee38ee380418,前
00008c33ce33870f800ff87ffcffcfe7cf6fcf7ffe7fdc338c3f8c3fcc700000,後
c003fc1ffe3f1efc00fc007e003fc01fc03f00fc00f800f80cf83efefe7ffc1f,3
0000f83ffc3f3c301e001f00ff03ff3fff7c1ff81ff81ff81ef87cfcfc7ff01f,6
fe1fff1fff070f000f000f00ff1fff7f00fe00fc00f800f800f8ff7fff3ffe1f,5
fc7ffcfffe1f1e001f00ff0fff3f7f7c1ef800f000f000f01ef8fefff83ff00f,5
0000381cfe7fff7ff67fc460fe64ee64ee24fe24fe24fe64fe20ee38ee386418,前
0001fe7ffc3fc003fc1ffe3ffe3ffe3fde33de33fe3ff81ffc1f8e7306610000,東
3018f83efefffeff00c0fc40fe4cce44cc44cc44fc44fc40fc60ec70ec780410,前
8001f8073c1c1e7c0e781e3cfc1ffc0ffe1f1f7c0ffc0ff80ffc3f7cfe7ff80f,8
f81ffc3f3ef81ef01ef03c78f83ffc3ffc7f0ff00ff00ff01ff07e7ef83ff01f,8
f81ffe3f1f7e0ff80ff00ff01ff8fffffcfff0f100f000f006f8fe7ffe1ff80f,9
f807fc1f3f3e0f380f380f781ff83ffcfcfff87f003800380c3c3e1ffc0f0000,9
18007e7c7e7c7e0c7e0cff1c7e7c3cfc7eec7ec47cc47ec6ffc79ec318c20000,新
c4f1eef1e4e0e0e0e0e0e6e0e4e1c003c003fcfffefffef3f6f3e6f962f90070,潟
001c003f807f807fc07fc07f707e387c3c7c3e7efffffffffcff007e007c003c,4
0000300cfc3ffe7ffe7c4460fc70ec7cec7cfc7cfc7cfc7cec70ec78e4384418,前
00009c23ce31c70f800fdceffce7cec7c767ef7ffe7bce318e3f8e7ffe614400,後
f83ffc7f1c001c001c001c00fc1f3c001c00fffffeff9c7f8c7f1c7f7ff87fe0,長
0001f01ff83f1c300e000e008f07ff1f7f3f1f7c0f781f781e7c3e7ef83ff01f,6
f80fff3fff7f007c0078003ce01fe01fe03f807f00fc00f800f8ffffff3ffe1f,3
00008c7fbe7f3e673e623cf63ce67ec7feeffe7f387ff83db87f98ff18400000,級
0008301cfe7fffffc6e78040fe60ee44ce44fe44fe44fe64ee70e670e6784230,前
c001f00ff81f3e7e1e7c0f7c0f7c0ffc0ffc0ffc0f7c1f7c3e7c7e7efc3ff00f,0
fe1fff3fff1f1f000f001f00ff0fff3f3efe00f000e000e000f01ffc7e3ffc1f,5
f01ff83f3c7c1ef81fe01fe01ee03cf8fcfff8ff00f000e000f000f8fc7ff81f,9
f00ff81e3c381e381e381e38fc1ff81ffc1f3e7c1ff00fe00fe01ff07c3cf81f,8
000fc01fe01ff01ff81ff01f001e001e001e001e001e001e001e001e00040000,1
e001fc1ffe3f3e3e0f700ff00ff01ff8fefffeff00f800e0007000383c3efc1f,9
801f801fc01fe01ff01f781c3c1c1e1c1e3cfeffffff807f003e001c001c0000,4
e003f80ffc3f3f7c1f781f781e78fefff8ff007c00780078387cfc1ff007c001,9
f01ffc7f7e781f000f000f00ff3fff7f1ff80ff00fe00ff01ff0fefef87ff01f,6
c003f87ffcfc3c601e001f00ff3fff7fff7f1fe01fe01ff03ef87c7ee03f8003,6
fe3fff7fff1f0f000f00df0fff1f1f7c007800f800f8047c3f7ffe3ff80fe000,5
f81ff83ff87f00fc00fc00fcc07fc03f807f00fe00f000f000f0fffffffffc7f,3
0000380cfe7fff7ffe7d7e20fe30ee36ec34ec34fc34fc30fc30ec38ee3c4418,前
e003fe1f3f3f1f3c07f807f80ff8fffffeff00f800f000780e3cfe3ff80f8001,9
00001803fc33ce3f860f986ffc7fcee78fe7cf7fee7fec338c3f8c7fecfbc440,後
0000380cfe7fff7f067c00607c30fc76ee76fe74fe74fe70fe30ee386c3c0418,前
00000000f83ffc7ffc7fc03f803fc01fe01fe00fe001f000f000700000000000,ァ
fc0ffe1ffcfff8ff003f000f00078007c007e00ff00ff81f7e7c3f780e700620,ズ
446ceefcfefcfefcfefc7efc06ecc6cee6cfe6c7eec7feef66fc06fc06740000,開
00000c06fe7fc61fc60cc71de73fff1eff1cfe1cfe1ce63fe61fe61fe67f4000,催
0000480efc7fcc1f861dc61dce3ffe1dfe1cfc3dfc3dcc3fc41fc43fc47fc401,催
800380030003000300038003c007c007c007c00fe01ff03ff87c7ef83ff01ee0,人
e01f783c1c608663c67f633c637f23e123c163c7e6cfc6c70ce01c70f03fe00f,G
0000087f0ce7beffffe7bcffbcdf2ccf2cdffcfffc7f3c3e3c3208f188f10060,幌
8001c011ce39cc39cc39cc11ff7fff7fff3fc003ffffffffe003c001c0018001,半
00007e0078cc30fc18feffcff7fff8ff18fe18fc7efc8ffc8fcdfffdff7c0008,離
fe3ffe7fe001e001e001feff86e706c386c3f6ff9eff86e186e1fefffefffc7f,函
00003818fe0fffc7fec77efe66fe76fe7e7e7e067e063e3e22fe7efefeff427e,館
f80ffc1f3e7c1e780f700f701ff83efcfcffe0fb0070007808783e7efc3ff80f,9
800380038003983b9c3b9c7b9c7b9e739e738ff387e387438003e003f003f001,小
8001e007f83ffefffefffc7ffc3f1c301c301c38fc3ffe3ffefffefff8ffe07f,倉
00008c001e003f001e2018ff187f1e3fff7fffffcefdccffccffccffc8ff807f,福
f83ffc3f1c380c301c30fc3ffc3ffc7ffc7ffc7ff8ff70e0f0c0ffffffff062e,島
fe0fff1f1f001f001f001f00ff0fff3f0c3c0078007800780f7c3f3ffe3ffc0f,5
e01ff03f7c781e701ef01ee01fe01fe01fe01fe01ff01ff03ef8fcfff87ff01f,0
f81ffc3f1c7e007c007c003c801fe00fe03f00fc00f800f81ffc3ffeff7ffc1f,3
f00ff81f7c3c1e000e008f03ff0fff3f3f3e0f380e780e781e3c7c3ff81ff007,6
800180038003c003ffffffffe00fc003c007e00ff00ff81e7e7c1ff80ff00660,大
2018701c703cfefffeff781c701c701c781cffffffff3c3c1c1c0e1c061c0008,井
e01ff07f78783cf03cf07878f87ff87f78fe3cf81ee01ee03cf0fcf8f87f0000,8
8001f81f3e3c0f300f300e3cfc3ffc1ffc3f3ffc0ff00ff00ff03ffcfc3ff81f,8
f007fc0ffe030f200f6007f80ffc3ffefefff0f900f000780e7cfe3ffe1ff807,9
fe7f07e007e087ffc73fc701873f07700770c77fe71fe700e700ff00ff003c00,F
000000007000f800f800f800ff07ff0fff0fff07f800f0007000200000000000,+
0000381cfe7ffe7f0e700460fc64ec6cec6cfc64fc64fc60fc70ec79ec784430,前
fcfffefffefffc3f0001c003fe3ffc3f003c001c0c0ffc03fe01f601e2ff00fe,芝
e00ff03f78f03c403c003c07fc1ffffffff83cf01ce03ce03cf0787cf01fe00f,6
0000fc7ffc7ffc7f003c001e301ef00ff007e003c00380078007000700000000,マ
f00ffc1ffe7f3ffc0ff007e007e007e007e007e007e00ff01ff83ffcfe3ffc1f,0
f007f80ffc1f3c3c1c381c381c381e781ff81e781c381c381c387c3efc3ff81f,0
fc0ffe1f3f3c1f380ff807f80ff81ffcfffffcff00f000f0007806383e3efc1f,9
1804180efe0efe0e7c0e780e7c0efe0efe0e1f8e1fce1cce18ce18fe18fe187c,札
087f8cffbefffefffcfff8fff8cb78c9f8fff8fff87f783e3833887188f10060,幌
f80ffe7fff7f00780078003ec01fc01f007f00fe00f800f80ffc3f7eff3fe003,3
ffffffff00ff007e003e001f001f800fc00fe007e003f001f001f801f801f801,7
fe7ffe7fc003c003e007fe3ffe3ffe3fce33fe3bfc3ff81ff81f8c7300610001,東
001e001fc01fc01fe01ff01e781c3c1c1e1e3f3fffffffff007e003c001c0018,4
18783cfc9cff98c9fcc9fe79fc38f878fc4c8e8c8fdccefc8efc8e19fe090e00,都
047f0e001f003e001cf318ff18001e001f00dffdceffccffccffccffccff88ff,福
fc3ffe7f1f7e04fc00fc007cc03fe01fc03f007e00f800f006f80ffcfffffe7f,3
f00ff81ffc3f1e781ff81ff80ff007e007e007e01ff81ff81e783c3cfc3ff81f,0
f01ffe7ffeff00f800f800fe803fc03f003f00fc00f000f00ef8fffffe7f8001,3
f01ff83f3e781f701ff01ff03ff07ef8fcff00f000e000f008f03e7cfc7ff81f,9
18083c08fc01fc03fe0f8e1f8f1fff1ffe7ff0fdf0f870f038101e000e080608,外
00009c03ce3bc61f800ff86ffc7fde67ce63fe3ffe3bcc398c3fcc7fec7b0000,後
e661eff1effbcffbde7bde7fde7f0c3e003e001e001f800fc007c007c003c001,ッ
100c3c1eff7fff7f7c207e60fe7cee7cfe7cee7cce7cee70e670e67866380000,前
18007efdfeffd8c9f849ff79fc787878fe48ffc98ec9fef9cef9ce09fe080c08,都
ffffffffff7ffe7f003c003c101e780ff80ff007e003e003c007800700070002,マ
8001c001fffffffffe7ff0007000f83ffc3f3f383f303e303830f83ff83ff83f,右
0000867f867f1f371f771ef72e77fe67ff67fe6fdc3fdc39cf7fcc7f08400000,級
00000c7fa67f3e771e771cf75cf7fe67fe67fc6f983fda39de7f987f18440000,級
80039c739c7398339803d807fe7ffe7fc007fc7ffffffeffc007800380030001,半
1000ff4cfe6c30fe986ffb67ef7ffe7f186c1864fffc897c8964ff6cfffc4004,離
8001fe7ffe7ffc3ffe7fce738e71fe7f8e71ce73fc3ff00fbc3d8e7186618001,東
00000000000000000000fc7ffefffefffeff0000000000000000000000000000,ー
00000000fc7ffc7ffc3ff00f0000000000000000f83ffefffefffeff00000000,ニ
000002f807f80f1c8f3fff3fff0fff000f000f000f000f008f3fff3ffe7ff001,ビ
106078f8f8f9f811e0010e403fe07ff87cfc307e803fc00ff807fc03fc003800,ジ
04ff86ff3e003e001e7f187738633f7f3f7f3c223c223c636e32467f82ff80ff,短
c001cc39dc39fc39c811ec03fe7ffe7fc003fe7fffffffffe003c001c0018000,半
3f003fff3f03330313031fff1fff134fb34ff36dff79fb39e379e37fc36e0300,阪
0c080c0c9effbeffbcdd98cd9cff9effffddffcd8eff8cff0c1c0c0c0c0c0c08,神
1008783cfffffffffc00fe40fe65ee67fe67ee67ce67ce61c660c678c6380400,前
301cfe7ffe7ff800fc00fcc1fcc9fce9fcc9fcc9fcc8fce0ecf0e4f1e471c030,前
f83ffc7ffc1ffc1ffc3ffc1ffc3ffc1f1c00ff7ffe7f8c330c3f1c3e7e7c7e60,長
00008c03ce19c71f800f8867fc7ffe67cf43cf3ffe3bee398e3b8e3fee7fe431,後
00008c7fc67f3e773e621ce23ce67ee7fec7fcef987f887fc07bd87fd8ff1000,級
ffffffffff7f007c007cc03fe03fe01ff00ff00cf80078007c003c003c001c00,ア
c007f81f3c780e60c767e37c7378f3f0b3c0f3c7e3cfc7c70ec01c70f83fe01f,G
8c7f8c7f1e009e3f9c7398619c7f1e003f2cdfffceedccffccffcccdccff8cff,福
c000fc3b0e381e380e30fe3ffe3ffe7ffe7f0e00fe7f70607060ff7fff7f0333,島
0000863f863f17371f730e730c771e67ff67fe679c7fdc3ddd79cc7f8c7f0000,級
3018781efefffeff000ecc00fe64ce6cfc6cfc6cec6cec64cc60cc70e478c438,前
7cf0fcf0fcf1e001c2000f601ff03ff03cf8007e003fc01fe00ffc07fc017c00,ジ
847fc67f07671e421c420cc60cc63ec7fec71ee71c7ffe33fe7b9eff8e4f0000,級
0803cc33861f060f000ff8cffcc78ec78e03ce07fe7fcc318c3b0c3f0cff0000,後
fc7ffcfffcff00000000ffffffffffff00f000f00078003c003f801fc00fc003,ラ
847fc67f86271e031e433cc33ec37ec3fec31cc71c779e71de799eff8e4c0000,級
80019c399c3998399811cc13de3fce378003c003fefffffffeffc00380018001,半
867fce7f1e371e221e621ce23ec23ec73e471e670c3fcc31cc7bceff9c6f0800,級
fcfffcfffcff0ce0fcfffcff1cf10ce01ce0fcfffeff0ee00ee006f006f80000,月
00087c1efeff00000000fc40fe40ce4dce4dfe4dee4dfe41fe40e660c6784038,前
7c00fc00fc01e001c6000fe01ff03ff83cf8107e003fc01fe00ffc07fe017c00,シ
fc7ffc7f3c701c601c70fc7f3c701c601c70fc7ffc7f1e700e700e78067c0438,月
300c781effffffff0004fe40fe64e664fe64ee64c664e660e670e678e6780000,前
381c7c3c38780040fe40fec0fec8feccfecce6cce6e8fee8fee0e6f0c6780038,前
007f867f0e471e421c421c461cc63ec7fe47be471e6f9c3bfe31fe7f9eff0c40,級
fcfffcfffcff0ce0fcfffcff1ce00cc00cc01ce0fefffeff0ee007e007f003f0,月
8401c603c21f801f884f9ceffeefcfc7c703cf07ee3fce398639861f863f0000,後
fc7ffc7fdc7f0c70fc7ffc7f1c600c600c60fe7ffe7f0e700770077803780000,月
781cfc7f780000007e40fec0fec0fec8fec8eec8eec0fec0fee0eef0c6f00430,前
00008c03ce33861f000f98cffcefdec78e838e07de7fdc7b8c390c3f0cff0c40,後
00008e7fce7f1e271e621ce23ce23ec63ec73e671c7fcc31ec79ceff9cff0c00,級
000188739c7398338813c003fe7fde7f80038003fffffffffeff800380038003,半
0400847fc67f36623e621ce67ce67eeffecf3cef987ff87b997b98ff18000000,級
100c7c1fff7f007f00007c60fe64ee64ee64ee64fe64fe64ee60e67866380618,前
c00ff03f18600cc3c6ffc67d6710670067006710c67c86ef0ce23870f03fc00f,C
00000000f01ff81ff01f000e000e000e000e000ef83ffc7ffc7ff83f00000000,ュ
0000380cff7fff7f006000407e60ee64ee6cee6cee6cfe64fe60e67866784618,前
fc7ffcff3c781c60fc7ffc7ffc7f1c60fc7ffc7ffc7f0c600e600f7006780018,月
0400847fc67f36231e621c723c777e67fe67bc7f9c3ffd39d97f997f18000000,級
00009c338e31860f000f18cf9cef8ec78f47cf7ffe7fcc3b8c3f8c3fcce10c00,後
0000867fc67f37771e631cf33ce73fe7bfcf1cef887dec79cc7f8cff1c000800,級
00008c03ce3b871f800798c79ce78fe38fe3cf7fee7fc43b843f8c3fec714000,後
fc3ffe3f3e001e001e00fe0ffe3f7cfc00f000f000f01cf07efcfc7ff83ff00f,5
f00fffffffff1ff806f000f000f8007ec03ff00ff8007e007f00ff01fffffe7f,2
0000fe0070f830fc78feffcfffff38fe38dc7cd8fef8cff8cfc8fef8fe780000,離
301cfc7ffeff02ff00007040fce8ce68de48ce68fe68fe60fe60eef0ec780c30,前
800188239c73b873b8338803fc7ffcffdce7c003fffffffff83f800380038001,半
00008e31c63b821f800f18efdcefc7c7c767c77fee7fc631863f863fee710400,後
fc1ffe3fbf7f0f7e007c003e001fc00ff007f8003c001e001f00ff7fffffff7f,2
80018c319c399c399819c013fc3ffe7fce3fc003fefffefffc3f800180018001,半
0000701cfe7fffff00700060fc60fe60fe60fe60fe64fe60fe70ee78ee784c38,前
7e6c77e477e477ee77ee3ffc03e003c061c6e3c7e3c7f3cf23e633e607620200,開
80018001c003fefffeffcee38ee186e1cee3feffffffcfe3c001800180018001,中
00630ce79ee7bfffbfefbcffacff0cff2cffecfffc7f3c3f0c3388f188710000,幌
780cfffffe7f38380000c003fc3ffc3fe03f001c9c0ffc03fe01fe01c27f807f,芝
c003f81f3c7c1c701c703c78fc3ff81ffc3f3e781ff01ff03e7cfc3fe0070000,8
c001fc1ffc1f3e3c1e3c0f380f380f780f780f380e381e3cfe3ffe1ff00f0000,0
80039003b803b803b803bc03bc03bc639ce39cff8cff8e3f8e1f8e0f86038001,ル
8001c003fe7ffffffe7fe000f000f03ff83f3c0f1f060f060207800ff8fff0ff,左
fe7f07e003e0837fe33fc33f033803300330c33fe301c37f03ff03c00fe0fe7f,E
100c381effffffff00040400fe64ce64fe64fe64ce64ce64ce60ce70ee784638,前
807f8c639e63bf63bf638c7f846d846fa46fe4ffecff3c3b0c1b84f9c4f98070,幌
e00f783e0c7086e1c27f823f063e0e707cc0fcc3fec7c3c303c00e60fc3ef00f,S
1008380eff7fff7f00060020fe74ce7cee7cfe7cc67cc674c670e670e6786638,前
00001c23de31ce1f020fb8effcffcec78f47ce7fee738c310c3fcc7fccfb0000,後
064467ee6ffe7ffe7ffe3ffc07e007c047c067c667c6e7c7e7c767ee27660200,開
00044c6eccffce1fce1dcf7fcf7ffe1cfc1cfc1cfc18ec1ccc1ccc7fc47f0000,催
f00ffc3f3e3e0cfc00fc003ef01ff00fe03f00fe00f800f81ffefe7ff81f8001,3
e003f00f7c3e1c381e381f781ff81ff81ff81ff81f381f383e3efc3fe0078001,0
ffffffffffffff7fe07cc03ce03de01fe00ff000f800f8007c003c003c001800,ァ
c003fc1f7e3e1e781e781e383c1cf81ffc3f3e7c1ff80ff00ff01ff8fffcfc3f,8
c007f81ff83e7c381c001c007e00ff1fff3f3f7c1ef81cf01c783c78f83ff01f,6
181cfefffe7f3c1e000c8001fe37fe3ffc3c003c000f9c07fe03fe01c67f807f,芝
c003ff7ffe7f0000f83ffc3ffc3f1c38fc3ff83f800380019c719ef1e661e001,京
0070fcfffcf9f8d9f8c1fc79fc787c78fef8c6c186c1cef9cef9ce09fe09fc00,都
e003f80f3c1e0e380e381e1cfc1ff81ff81ffc3f1e7c0ff80f781f3c7e3ff81f,8
fc3fffff03e003e0c37fc37f833f03700370c33fe318c37d83ff07c0fefffc7f,E
f003fc1ffe3f1f3e0f7c0ff807f007f007f007f007f007f80ffc3f7eff3ffe0f,0
fe07fb0f0138c160e163714331c631c631c631c671c3e16141700338ff1ffe07,D
000000008063bcf3bcf7f87ff87ff87f303e003e001e000f800f800700030000,ッ
007f8c7fe67f3e671e663cf67ce7fec7fe47986f987bd879887b987f18440000,級
0840fcff9cff1ce01ce0fcfffcff1ce01ce0fcfffcff1ef00ee00ef0067c0038,月
00e00ff00f380f3cde3ffe1ffe071e000e000e000e000e003e00fe7ffc7ff03f,ビ
000000000000e03ff03ff03fe03f003c003c003c003c003cf8fff8fff8ff1880,ュ
38187c3e787f0000fc40fec0fec1fec9fec8fec8fec8fee8fef0e2f8e278c010,前
f03ffc7ffeff3ff800f000f8007e003fe00ff0037c007e007e00ff7fffff1ce0,2
e03ff07ff8ff3cf01ef01ef01ef01ff01ff01ef01ef03ef87e78fc7ff01fc007,0
043f863fe6373f331e723c723e66fe67ff679e679c3fde39cf7dcc7f08000000,級
301cfc3effff027f0000fe40fe44fe44fe44ce44ce44ce40c660c678c6780400,前
007e00ff80ff80e300e200f00078003e001f0007800780ff80ff007f00000000,2
3f7f3f07330333033f7f1f7f187318633973397f193f19031b033f7f1fff0003,距
1800ff6c387c107e986fe36fff7f7e7e186e7e6edf7e8f7ecf6eff7e637e0004,離
8001c003ffffffffe7e3c3c1c3c3e3c7f7ff7ffc3ff807e003e003f003f00370,内
fe3fff3fff0f0f000f00cf07ff1f7f7f0ef800f800f000f80ef81f7efe3ff80f,5
ff3fffffffffef7f0078c03ce03fe01ff01ff00ff000780078003c003c001c00,ア
fe3ffe3f1e000e000e00df07ff3f3f7e00f800f000f006f81f7cfe3ffc1fe003,5
c001ffffffff0000fc1ffc3f1c380c38fc3ffc3fc0038c118e71cf71e261e000,京
c01ff07ff87f78f80078007c003fc00fe003f000f800f87ffcff000000000000,2
fc7ffeff1ee00ee01ef3feffdeff0ee01ee0fefffeff0ee007e007f007f80078,月
380c380c7e0cfe0c7e0c3c0c7c0cfc0efe0ebfce3bcc38cc38cc38fc38fc3038,札
007f0ce31ee33fe33fe30dff0d7f0d5f8d5dedfffd7f3c3f0c3b8cf984f10000,幌
80018001866187e187e187e187e187e187e187e187e187e1ffffffff0ff007e0,山
067f067f3e003f3e1f7f18731e633f7f3f7f3c771c223c633e222732027f807f,短
1c181c18fc19fe19ce1f8f1fcf1fff1ffc3cf0f870f878383c181f180f180018,外
300c7c1effff827f0000fe60fe64fc6efc6eec6eec64ec60ce70ee78e6780400,前
00038c33c633861f004ffcfffcffcfc7c743ef73fe798439043f8c7fccf90400,後
1800fcfffcfff8edfc7dff7d787c787cfc4ccfcd86cdcefd8e7d860dfe0d0408,都
0000c07fe07fe0f9e0f00078007c003f800fc003e001e07ff0ffe07f00000000,2
f83ffc3f1c00fc3f1c001c00fc3f1c00fe7fffff9c738c730c3f7e7c7ff80e00,長
847f8c7f1e003f23986398631c331e00ff7fffffceed8cff8ced8ced8cff8461,福
c001fc3f1c381c381c383c3c1c001c003c001c00fcfff0e07266ff7fff7f0030,島
f00ffc3f1e780ef00ef00ef01ef8fefffcffe0f100f000f81c78fe3ffc1fc001,9
3e7c7ffe6fee67e67fee3ffc07c007c0e7c767c6e7c7f7c767c627e607760000,開
0004ec6eccffce3dc618cf3fcf7ffe3cfe3ffc1dec19cc3fc41cc41cc47f4000,催
3e7e77fe37e637e47fe63fe407e003c0e3c763c663c6f3cf73ef33fe03660000,開
f8f8fcf1f801c0010e003fe07ef03cf8007c003fc01fe00ffc03fc0078001800,ジ
f800f801f801c0010e003fe07ff07cf8007c007fc03ff00ff803fc0178003000,シ
fe7f07f003e0c37fe37fe331c33f03380330c33fe31fe300e300f700ff003e00,F
e007f81ffc1f7e3e1e3c0e380f780ff80ff80f780f380e380e383e3efe1ff81f,0
3c7e3eff337f23033f033e7f3cff30e330e333e7337f330733033f073f7f3e7e,距
0000fcd878f820fc20fefecfffdffeff38cc38f8fef8bff8bfd8ffc8c6f80078,離
e07ff0ff78f03c201c003c0ffc3ffefc3ef03ce01ce03cf03cf8f8fee03f801f,6
666467e667fe77fe7ffe7ffc07e003c0e3c763c7e7c7f7ef63fe23fc037e0000,開
c000fe07ff0f0f3c0f7807700f781ffefffffcfff07d0078007c0e3fff1ffe07,9
f00f7c3e1e380f700f381e1efc1ffc1ffe3f0f7c07f80ff00ff83f7cff3ff80f,8
f00ffc3f1e3c0e0007000700ff0fff7f1f7c0ff807f00ff01ff83f7efe3ff81f,6
fc07fe0f0f3e0778077007700f78fffffefffcff00780078007c1f3fff1ffe07,9
181cfefffe7ffc1f800fc003fe3ffe3f003c001e8c07fe03fe01e67fc67f003c,芝
0000300cfe7ffe7f80710020fe24fe26ee26ee26ee26fe24fe30ee38ee380618,前
8003fe7ffc3fc003e03ff63ffe3ffe38fe30fe307e30760006000600fe7ffe7f,直
000c007f02ff03e31ee39ee3bcff7e3e7f1cfe7fdc7f9c7ffc7fcc5f8c0f000c,線
ff7fffffffff003f800fc007e007e003f003f803f801f800f8007c007c007c00,7
783cfffffe7f381c3008fe3ffe3f003c003c001efc0ffc03fe01f701c27f007f,芝
3800fcf878fc30fe00ffc2dfe6ff7cfc38d838f83ef81ff83fc8ffc8c7f80078,離
0001c007fe7ffc3ffe3fde3fde33fe3ffe3ffe3ffc3ff81f9c3f867100010001,東
8003fefffeff0000000038383c783c78fc7ffc3f800388339e73ffe3e601c000,京
10087c3efffffe7f00008001c003fe3ffc3f003c003e9c07fe03fe03e7ffc2ff,芝
e03ff87ff8303c001c003e00ff3fffff3ff03fe01ee01ce03cf0f87cf83fc007,6
f81ffc3f7c3e1e7c1ff80ff807f807f00ff80ff81ff81f783e3c7c1ef00fc003,0
0000c001e003f007fefffe7ff000f01ff83ffc3f9e0f0f0706038007f87ff8ff,左
f807fc3f3c3c1c381c38381ef81ff81f7c3e3e7c1ff80ff81efc3c7ff81f0000,8
f00ffe3fff7f3ff81ff80ff00ff00ff00ff00ff00ff81ff83f7cff3ff0070000,0
801fe07ff0fff0f870f000f8007e803fc00fe003f03ff0fff07f000000000000,2
00000c7f3c003e001e009eff98fffeefffff3c6f3c463c467c666e76067f007f,短
0000f83f3c7c1ef81ef03cf8f87ff87ffc7f3ef01fe00fe00ff01efcfcfff01f,8
3e7ff77ff303b7031f071fffbfefa3cfa7cfff3fff39e339c37fc37f02000000,阪
3e7e3f7f370737073e0f38ff38f330e330ff31ff310733073f073fff030f0003,距
00003800fed870fcf0fffffffffffeff78ccfec8fff88ff8cff8fff882180000,离
c001e007fe7ffe7ff800f000f83ffc3ffe3f1f301e301c30f83ff83f78381820,右
fc3f3c003c003c003c003c003c003c003c00fe7ffe7f9c7f9c3f7e7e7ff83e00,長
0000000000000000801fc07fc07fc07f807f0000000000000000000000000000,·
0000007f80ff80f780e300e000f0007c003e000f8007801f80ff80ff007f0000,2
00003c007e7c38fc10ffc06fe37f1c7e1c7c7e7cff7c8f7c8f6cff7ce37c0004,離
8001f81ffc3fc003c003cc73cc73ce73ce73fc7ffc7ff81ff81f9e7386610001,東
800188019c019c019c019e018e018ec18ee38ef386ff877f871f870f87078001,ル
f000f001e003c0078007800f000f000f000f000f800f800fc007e007f003f001,)
067f0e7f1e7f1f7f1e7f1c673c637f7f3e7e1c621c223c223e200630827f007f,短
1f3fbf03b303b703bf7f9e7f987398639863b87f981f98039d039f071f7f0703,距
00001c003c00fc1ffc3ffc3ffc1f1c001e00ff7fde7f8e7f0c3f0e3f7f787e40,長
00001c00fefffcfffcddfe7ffe7c3c787cf8ffc8c7c8c6f8c6f8c608ce080e00,都
1e00ff7fbf031b030f070fff0fff0b479147f17dff79fb39e179c17fc1070000,阪
0038ff3fff091f000f00ff00ff1f7f7e007800f800f800f80ff8ff7ffc3fc001,5
007e0ce31fe33fe33fff3cff30ff207e007ee07ff87f3c3f1839807180f000f0,幌
8000e0077e3e7f7e02400420fc3f0c380c381c38fe3ffe3fff7fff7ffe7ff87f,倉
1818fc7ffefffc3f30088001fc3ffc3f003c003c0c0ffc07fe01fe63c2ff007f,芝
8001f81ffc3f3e7c1e780f700f700ff00ff00ff00f700f701e783e7cfc3ff80f,0
007f8e7f3f001f001f7f8c739e63bf7f3e7f1c331c303e2336330333807f807f,短
00003f7fbb03b103bf1fbf7f9e7f98339833b87f983f88039d039f7f9f7f0703,距
00003c00387c10febc7fff6fff7f3e7f1c7e1c7c7e7c8f7ccf6cff7ce77c000c,離
3c3eff7ffe7f100cc001f007fe3f003c003c001e8e07fe03ff01f743c2ff007e,芝
1e7f3f0733033f033f3f1e7f1c7718631863387f1c3f1c071e031f031f470e7e,距
08007e207c7c387eb87ffa7ffe7f1c7e187c7e7c7f7c7f7c7f7c7f7c627c0000,離
00f000fc007e003fc01ff00ffe0fff0f9f0f860f800f800f800f000f000f000f,イ
18007c3c7e3e7e0e76067f0e7f7e3c7e7e667e263e267e27fe23fe2318211800,新
c000fef0f0f0e0f0e0f1f3f0e2e0e001e001e07ffeff7ff83fe073e820f80070,潟
0000c01fe03fe079f0f070f070f078f070f070f0f0f0f078e07fc03f00000000,0
0001fe7ffe7f8003c003c661e670e670e670e670e670e67006000e00fefffeff,直
0000003c86ff86e39ee39efffcff7c7e7e1cfe3cfe7f1e7f1e7ffe590c0c0808,線
00000ce38ee3dfe39fe38e7f8c7f0c7f0c7fccfffcff3c3f1c3f8cf98cf00070,幌
8007e01ff07ff8f878f078f038e038e038f078f078f8f87ff03f800700000000,0
00007e087e7c3e7ebf7fff7fff7f3c7e1c7e1c6c3e7c0f7c0f6c7f6c437c0000,離
0000c001fe7ffffffe7ff000f000f801fc7f3f703f603e603c703878f87f3878,右
8001c001fe7ffffffe7ff000f000f87ffc7fbe1f0e0706070007800ff8ff0040,左
00000000000000000000c001e001e001f807ff7fff7fff7ff807f001e001e001,+
8007e01ff87f7c7c3c783cf03c701c703cf03c787c78f87ff03f000000000000,0
801fc07fe07ff000f000f01ff07ff0f9f0f0f0e0f0f0e0ffe07f003f00000000,6
001fe03fe07ff0f0e070e07fe07fe07ff0f8f0f0f0f0f0ffe07f001f00000000,8
0000c03fe07ff070f070e079e03fe03ff07f70f070f0f0f0f07fe03f00000000,8
0000c03fe07fe030f0007000f03ff87ff0f070f070f0f0f0e07fc03f00000000,6
8003fe7ffeff00000000f83f3c383c38fc3ff83fd81780039c339e63fee3e201,京
18007cf8fcfff8f9fc79fc7878787878fc79ced9ced9fcf9cc79cc09fc010000,都
1c3cffffffff3c3c0000c003ff7ffe7f007c003c000ede03fe01ff01e303807f,芝
ffffffffffff00f80078007c003c301ef80ff007f007e007c007800f000f0006,マ
8001c001fe7ffffff001f000f000f800fc7fff7f3f703e603c603870f87ff87f,右
1078fcfffcfff8f9fc79fe797c787878fc78de59cef9ccf98c798c198c080c00,都
70f0f8f8f8fffc7f3e7c0f780738f31de01fc01f800fc007e003f001f8003800,ダ
067f0e003e001f3e1f7f1e733e63fe7f3e7f1c321c223c223623067f827f007f,短
3e7e3e0f370337033f073e7f1c7718631863b87f387f18071c033e073f7f0607,距
08003e7c1c7e1e7fff7fff3fff7ffe7f1c7e1c3c3e7c4e7c4e3c7e7c7e3c0000,離
00007e4c7e7c187ede6fff6fff7ffe7f186c1c6c7e7c4f7c4f7cff7c677c0008,離
8001fc3ffe7ffc3f0000fc3ffc7f1c78fc7ff83f800380039c33de73e661e001,京
00003c2cfc7ffc6dfc69fe3dfe3c7c38fc78fe69cee9fef9ce79cc09fc010c00,都
80018003c007ffffffffc7c387c387c387c3ffffffffffff8003800380038001,中
3e3f7f07370313031f3f1f7f1f6f1347b30ff73dff39ff39e33dc37f83020000,阪
e01ff07ff83ff8007800f81ff87ff8f800f000f038f0f8fff07fc01f00000000,5
00000e7f3e003e003e7e1e773e637e777e7f3c763c223c237e23067f82ff0000,短
000000001000fc01f803e00fc01fc01fc01f801fc01fc01fc00ff007f803f800,)
3c007e7f3e0332031a071eff1eff1ecf3247f26ffe39fe39f239c27fc26f8000,阪
04080e1c1f7f9eff98fd98f99cff9eff9fff9fdf9fff8eff0c3c0c180c180000,神
007f06401e003f003f7f1e771e633f773f7f3c761c223c233c232677067f027f,短
c003fe7ffe7fc003c003c663c663c663c663fe7ffc3ff81ffc3f8e7100000000,東
8001fe3fff7f0e380000fc3ffe3f0e381e3cfc3fc00380018c31ce71f761e000,京
00003c78fcfffcf9fcf9fe79fc787878fc58fe19ce99ced986798619fe19fc00,都
000000077007700770077007700778c738e738ff387f383f1c1f180700000000,ル
00000c7f3e003e003e7f1e773e633e777f7f3e7f3c623c223c222672067f007f,短
1f3fbf07b303b303bf079e3f9c339c339c33bf3f9f1f8f039f039f079f7f0203,距
8000c001f003fffff803f000f000f83ffc7ffe7f3f701e7038707878f07f7038,右
8001c001f207ff7fff7fc76187618761c761ff7fffffe7e38001800180018001,中
fc1ffe1ffe071e000f00df03ff3ffe7f0c7800f800f800f83f7cff7ffc1fe003,5
1018381cfc3ffe7ffc7f381c30183018381cfffffffffe3f1c1c0e180e180618,井
10007c08fe7cfe7cfe6ffe6ffe7f3c7e186c3c6c7e7c0e7c0e6c7f6c7f7c0078,離
701e3c3c1e781ef81c783c3cf83ff83f7c7e1ef80ff00ff00ff03efcfc3ff00f,8
3c001c003c003c001c001c003c001c003e00ff7fff7f9c7f8c3f9c3f7e7c7f78,長
3e7f3f0713031b031f070fff1fef1b47f36fff3dff38fb38e17dc17f41460000,阪
18007e7cfe1c7e0c7e0cff7c7efc3c7c7e647e247e267e27fe27be2318200000,新
8000c001fc3fff7ffe3ff000f000f001f83ffc3f0e07060302038007f8fff8ff,左
3e003f7f3f0313031b030fff0fff1f471147f36fff3dff38f138e17fc16f0002,阪
c003fe7fffff0000e007fc3f1e781e78fc3ffc1f800380039e73ffe3e3c1e000,京
18003c7cfcfffc19fc59fe79fc787c78fc78ce9987d9cef9ce79ce19fe090000,都
8001fc3fe007e007fc3fdc33cc33cc33cc33fc3ff81ff81ffc3f8e7184610000,東
8001fe7fe007c003fe7fce73c663c663c663fe7ffc3ff81ff81f8e7107e00000,東
3c3cffffffff18180000f81ffe7ff87f003c001c040efe03ff01ff03e3ff80ff,芝
1870fcfffcfff819fc19fe79fc7878787c18ff198f19cef9ce79c619ce09cc00,都
0c3e3f7f330333033f073f7f1c7f1c631c633c7f1c7f1c071e031f031fff067f,距
00003c007e7c38fc38feff6fff7ffeff3c7c186c1c7c1ffc0f7cff6ce77c007c,離
8003fc7fc007c007fc7fdc77cc63cc638c63cc63f83ff01ff83f9c7106e10000,東
1f3fbf7fb303b301bf039f3f9c3f8c339833bc3fbf3f9f039f019f039f7f0f7f,距
f83f3c001c00fc1ffc0f1c00fc1ffc0f1c00fe3ffe7f9c3f8c3f1c3f7e7c7f70,長
0001e007fc7fc003f83ffc7fdc77dc77cc63cc73fc7ff81ff83f9c710ee10000,東
1870fcf9fcf9fc19fc79fe787c787c78fc19fe1986998ef98ef98e19fe19fc00,都
0000863fd63f1f371e731ef33ee37fc7ffc7fe7f8c7fe87dc87f88ff18000800,級
8000c001e003ff7ff803f000f000f83ff87ffc3f1e070f030607800ff8fff8ff,左
0000f87ffcfffcfff07f003c203cf01ef01fe00fc0078007000f000e00000000,マ
f83f3c001c003c003c00fc0ffc0f1c00fe3fff7fde7f8c3f8c3fde3f7f783e00,長
ff3fff1f1f000f000f001f07ff1fffff0cf800f000f000f000f81ffcff7ffc3f,5
003f0c001e003c33b83318331c001e00ff7fffffdeffccffccffccffc8ff0000,福
80011c381c381c381c38fc3ffc3ffc3ffc7f1c001c0070e070e0ffe7ffff077f,島
381cfe7ffe7ffc1f8001c003ff3fff7f003c001e0e0ffe03ff01f743c0ff00c0,芝
8001c001c001c3e1c761c761c761c761c761c761c761c771ff7fff7fff7f0360,山
f81ffc3f0e780f701e783c3cfc3ffc3f3e7c0ff00ff00ff00ff03e7cfc3f0000,8
00018e03ce33c71f800f9c7ffcffcfc3cf47ef3fee3fc431843f8c3ffc714400,後
e070fef0f0e0e0e0e0e0e2e0e0ffe027c003e07ffeff7ef07ef067f062f80070,潟
8001c001c001ce39ce39ce39ce7bcf7bc773c7f3c3e3c043c001f001f801f000,小
c003f00ffe7fff7ff40ffc3f3c3c1c381c381c301e003e20ff7fff7078701000,倉
083f0c001e003c23b833983f1c3f1c003e00fffffeffceffccffccffccffc87f,福
00000c3f1e003e00bc339833183f0c001e00fffffeffccffccffccffccff80e1,福
c000e0011c381c381c381c301c301c401cc0bc7ffcfff8fff0e6ffffff7f0020,島
0000067f3e003f001f361e7f1e633f673f7f3c773c223c233e230677827f80ff,短
8001f6e1f0e0e0e0e0e0e6e0e6e1e001c003e07ffeff7ef87ff067f860780000,潟
0000f0fff0ff007e003c003e001f800f800f8007c007c007c007c00300000000,7
00630ce39ee3bfe39ef71cff0cff087f087fd8fffcff3c7f1833087380f10060,幌
00638c739e73ff739f738c7f8c7f8c7f8c7ffc7ffc7f1c3f0c3b8c7180700000,幌
00000000000000000000ffffffffcff3cff3cff3cff3cff3c7e3000000000000,m
0000000000000000ff7fffffcff3cff3cff3cff3cff3cff30240000000000000,m
f83ffc3ffc3ffc1fe01f001e001e000e000e000e001e001e003fffffffff1fe0,ュ
fc3ffc7ffe7ffc3f000000000000000000000000000000000fe0ffffffffffff,ニ
6018fe38ff7fef7fc763c763c763c763c363c363c363c363c3e3c3e383e183e1,m
6010fe3cff7fffffc7f3c7e387e187e187e187e187e187e187e187e183c183c1,m
fe38ff7fff77cfe3c7e3c7e3c7e3c3e3c3e3c3e3c3e383e183e183e183e10240,m
00007e38ff7dcf7bc7f3c7e3c7e3c7e3c7e3c7e3c7e3c7e3c7e187e187e18260,m
fe3ffe3ffe3ffc3f0000000000000000000000000000feffffffffffffff06e0,ニ
fe3dff7fef7bc773c7e3c7e187e187e187e187e187e187e187e187e186410000,m
3e7f3b07330333033f071e7f1c631c633c7fbc7f1c1f1c031f031f7f1fff0000,距
18007e7ffffffe7f8001c003ff3ffe7f007c003c040ffe03ff01ff01e3ff00ff,芝
f801f807f01fc03f80ff00ff00ff00ff00ff00ff00ff80ffc03ff00ff807fe01,)
00000c180e1c9fff9cff98dd98ff9cffdeffffdf9fff8eff0e3e0c1c0c180418,神
8ee1cfe3cfe3def3def3deff9c7f1c3c003c003e001f001f800fc00780070003,ッ
8000c0011c381c381c381c38fc3ffc1ffc7ffc7ffc7ff8ff70e4ffefff7f0020,島
c001dc311c381c381c381c381c001c001c001c00fcfff8ff70e6f7efffff8f7f,島
18007e5c707c30febe6fff6fffff7c7e186c187c1efc0f7cdf6cff7c427c0000,離
8000c001fe3fff7ff83d7000f000f83ffc3f9e078f03070380038007fcfff87f,左
8001c003fc3fe003f427fe7fce73ce73ce73fe7ffc3ff81ff81f8e7907e00000,東
fc3ffc1f1c00fc1ffc0f1c003c001c001e00ff7ffe7f9c3f8c3f9c3f7f7c7f70,長
8001c001ff7fff7ff8007000f000f83ffc7ffe7f1e701e701870f87ff83f3000,右
fe7fffff07e003f0837fc33f873f07700778877fc73fc701c700ef00ff003c00,F
3e003e663e7f7e7f3e3a3e7bfe7b3e1f3e1e7e3fe07ff03f783c787ef0670000,駿
18c018e718e718e718e718e718e718e71ce71ce71ce71ce70ee70ee70fe706c2,川
70007800fc01ff03ff07fcffbcff1c001c001c009c01ce01ce01ceff8eff06ff,た
00c000f8003cfc3fff7fff7f1ff800f000f000f000f000f8007ee03fe01fe007,づ
30007000fc00fe7cfefc3c781c381c180e1c8e3fe73fe7fc67f8e03ce01fc01f,な
e007f83f1c700660c67f863f0e3e1c70f860fcc3fec7c7c30e601c78f81fc007,S
100cf81ff81ff81ff01f001f000e000e000e000e000e000f803fffffffffff7f,ュ
8c3f9c3f1e371e261c623c767c67fe63fe679c7ffc3ffe3dfe7f9e7f0c000000,級
fc3ffcfff8ff001000000ef8fffffeffcc67c003c001e001f001f00078007000,デ
f80ff81ff81f001f001e000e000e000e000e000e000e801ffe7ffffffffffe7f,ュ
0000047f847f26673e621ce61ce67cc7fecffeef187f987b9a7b9aff9a4f0000,級
38d8fcf8fc49e00007001fe03ff83efc107e803fc01ff007fc03fe003c000800,ジ
0000300cfc3fffff027c0060fe60fe75fe75fe75ce75fe75ee71ee78ee3c6418,前
3c007e007f087f0cf70cff06ff03fe03e039c0fdc0fc60fc60fe30fc10fc18fc,%
3e003f183f1c3f0e3f067f07ff03ff03c03dc07fe0ff60ef30ee38fe187c087c,%
1e183f183f087b047f06ff07ff03de03c07fe0ff60fe70fe30fe18fe00fc00fc,%
3e307f387f1c7f1c7f0e7f06ff03fe0380fbc0ffe0fe70de70de10fc00f80070,%
1e003f103f187f1c7f0e7f06ff07fe03dc7bc0ffe0ff60fe70fe30fe18fc18fc,%
1c103e187f18730c730e73063f03be038079c0fce0ce60ce30ce38ec18fc0878,%
f81ffc3ffc3f1c381e381f781ff01ff01ff01ff01f781e381c38fc3ffc3ff83f,0
3e183f187b1c7b0c7b02ff03fe13dc7fc0ffe0fe60fe20fe10fe00fe00fc0078,%
e01ff83f3c3e0f000f000f00df1fff7f1ffc0ff80ff80ff81ef87c7ef01fe007,6
1818381effff03ff00600040ffece7eeffeeffeee7eeffe4e7e0e77067780210,前
1e183f183f1c7b0c7b0e7f077f03fe01f07fe0ff60fe70fe30fe18fe18fc08fc,%
e01ff83f3c3e0f000f000f00df1fff7f1ffc0ff80ff80ff81ef87c7ef01fe007,6
00008c31ce31c61f800f986ffc7fc6c3c743ef7ffe7fe63b863fc63fe67f0600,後
1e003f083f0c3f0e37067f07ff03fe3ffc7fe0ffe0fe70ee38fe18fe007c0038,%
3f003f1c7f0c7b0e7f07ff07ff039f39c0fce0fe70fe30fe38fe18fc087c0038,%
e007f01ff83ffc3f3c7c1ef80ef80ef80ef00ef80ef81ef81c78fc3ff81ff81f,0
c001c7f1eff1eff1cff18f7b8e7f0e3f043e003e001f000f800fc007c007c003,ッ
08000c33ce3bc71f800f0ceffcffcfc7cf67cf3ffe3fce330c3f8c3fecff0400,後
3e107f187f1c770c7706ff03ff03fe03c0fde0fde0fc60ec30fc30fc10fc007c,%
00000cffc6ff76663ec21ce628e6fecffecfbcff187b9c71987f98ff18c81800,級
e000f0fff8fff8ff7cf83e781f780f7c003c001e001f800ff007f001f0002000,ク
ff1fff1f3f000f000f001f00ff7f1ffe00fc00f800f800f80ffefffffc3fe007,5
8007f03f7cfc3cf81cf83c78fc7ff87ffc7f3ef01fe01fe03ff0fcfff03f0000,8
f81f7c3e3ffc1ff81ff81ff83ff87efe7cfe00f800f000f8007cf83ff80fc003,9
0000f00ffc3f7f7f1ffc0ff807f807f807f807f80ff81ffc7f7ffc3ff00fc003,0
8001f80f7c3e3f3c1f383e3cfc1ffc1ffe3f0f7c0ff80ff81ff87f3efc0f8001,8
8001f00ff81ffc3f1e781ef81ef81ef81ef81ef81ef81e78fe7ffc3ff81f8001,0
300c383c1c781cf83cf87cfcf87ff87f7cfc1ef01fe01fe03ef07c78f81fe007,8
366c77ee67e667e67ffe0ff007e0ffe3f7c7e7c767c6ffc777e627fe037e0200,開
00007806fcffcc7fce198f3fcf7fee3dfe1dfc3fec1dcc3fcc1dcc1fcc3f0000,催
0c1cfe1ffe3f7c3f007e000f000f8007c007c00ff01ff83f7e7c3ff81ff007e0,ズ
e007f01f783e1c3c3c3c7c3ef81ff81ffc3f3e781e701ff81e783c3cf81fe007,8
0000f00ffc3ffcfe3ef81ff01fe01fe01fe01fe01ff03ff8fefefc3ff00f0000,0
8001e007fc7efefee647c4071c381c381c381c38be3ffe0fff3fff7ffe7ff07f,倉
0000f81ffeffffff1efc00f800fc00fe803ff007fc007e003f00ff00ff7fff7f,2
f003fc1ffe3f1c3f007e003e003fc01fc01f003f007c007c007cbf7fff3ffe1f,3
c007f01ff83f3c001e001f003f00ff3ffffe3ff01fe01fe03fe07ef0fcfff83f,6
c003f00ffc3f3ffc1ff81ff81ff8fefffcffe0ff00f000f000f87c3ef80fc003,9
300c780eff7ffe7f0000fc24fe7fee7ffe7ffe7fee7ffe71ee70ee7cee380400,前
3f183f1c3f0c330e33063f07bf039e01c07dc0fc60fe70ce30ce38fe18fc087c,%
1e003f007f18731c730e77067f07be038c79c0fdc0fce0dc70cc30fc10fc00f8,%
c07fccfffef3fe7ffe73fc63fc63fe7ffe1f0e0c0e1f8c7f0c0e0c1ec47f0000,樫
00018003c007fefffefff01ff01ff81f9c399e719ff3fffffa1fc00380010001,本
803fde7fde7f8e6f8c7f8e7f8e6f8e7f8e7f0c0e0c0ece7f1e1e0f0e807f807f,理
fc3ffe3ffc3f001f800f8007c007ffffffffc007800380038003f001f801f000,子
00006f766766676667666f7607600760f76f67666766f76f776f677e277e0204,開
4044ec66ee7fce3fcf1ccf3fef3fff1cfe1cfc1cec1cec3fec1cec1ce47f4400,催
f81ffe7f7fff1ffc0ff800f8007c001fc00ff0017c003e003e00ff7ffffffeff,2
e001e001e003e003f007f87ffffffffffe7ff81ff003e003e003c003c003c003,+
e007fe1fff3f0e7e007e003ee01ff01fe03f007e00f800f807787f7efc1ff007,3
8001fc3fc003c003fe7fce73ce73fe7fce73ce73fc3ff81ffc3f8e7186618001,東
00181c183c1cfc1dfe1f8e1f8f1fcf1ffe3ff8fc70f8787838381e180f180718,外
0000000000000000003c00fcffffffffffff007c003c000c0000000000000000,→
8001fe7ffffff81ff00ffc3ffc3f1c383c3cfc3fc00380018c31ce71f761e001,京
c0fff0fffe7fff7ffe3f803f003f003e003e003e003e003e007e007e00fe00fe,1
3c3cfffffe7f381c0000fe3fff7f007c0038001c8c0ffe03fe01f77fc3ff0040,芝
18007c4c387c3c7eff6fff6fff7f7e7e18641c7c5f7c0e640f647f7c401c0000,離
8001fe7ffefff81f0000fc3f1c781c703c78fc3f800780038c639fe3efe3e001,京
8000c001f007ff7fff7ff000f000f83ffc7fbe1f0f0307030007f07ff8ff20e7,左
80018001e007fe7fffffc661c661e663e66f7e7e3e7c1e7006e006e007700770,内
8001fe7ffeff0000f81ffc7f3c781c70fc7ffc3f800788339c73fef3e643c000,京
e038fe7ffe7ffef7cee38ee386e386e386c386c386c386c386c386c386c186c1,m
807fc27f03271f031e620ce206e32ee3ffe3fe670c7ffe79fe7bde7f9e6c0000,級
f03ff87ffefd3ef00cf000f000fc007fc01ff007f8017c003e007f00ffff3ef0,2
fc7ffcffdc770c60fc7ffc7ffc7f0c600c601c60fc7ffe7f0660076007780278,月
0c03ce23c633820f000f98effcefcec78703cf03fe3fce3b863f063fc67f0400,後
3800fc1ffc1ff81f001e001e000e000e000e000e000e001fffffffffffff0070,ュ
04ff86ff22673b631ee20ce63cee7fcfffef9cef9c799c71dcf9dced1c000000,級
3008701cfeff02fe00000060fe61ce6dfe6dfe6dde65fe61ee61ee70ee780400,前
0400867fa77f3f331e731ef33ee77ee7fe679c7f9c7dfc39dc79cc7f8c040800,級
3008781cfffffe7f0000fc00fc6fcc7ffc7ffc7fcc7ffc61cc61ec79ec780410,前
007f867f367736621e631ce73ce77ec7fecffc6f187fd879d8799879986f0800,級
0018783cfeff00ff00000040fee8feecfee8fee8cee8fee8fee0c6e0e6f0c470,前
047fc67f766736621ee31ce73ce77ee7feef1c6f9879f879987b98ff18000000,級
f000f801f8fffcfffeff1ef00ff007780338003c001e001fc00ff007f001f000,ク
c3e1c7f1e7f3eff3dff3df710e780e78003c003e001e001f800fc007c003c003,ッ
380cfc3ffe7f0000fc00fe40ee60ce64ee64fe64ee64ee64fe60ee60c670c678,前
847fc27ff2271f621e620ee22ee27ee7ffe7fe67047fc679ce7bceff8e6f0000,級
00008e7fe67f37671e631ce72ce77ee6ffcf1c6f187fc879c87b98ff984d0800,級
047f867f377f1f661ee21ce23ee67ec7ffc79c4f087f8879c879c97f886f0800,級
08039c33ce39861f000fb86ffcffdeff8e43ce7ffe7bcc310c3b0c3fcc7fc060,後
047f847f36371e261e623ce27ce2fec7fec7fc679c7ffc79de798e7f8c7f0800,級
381cfe7ffffffe600000fc00fe60ee64fe64fe64fe64fe60ee60ee7866380000,前
7efcf6e6e6e6e6ee6eee7efe06e402e0e2e7e2e7e2e7f2ef62ee22fe02600000,開
0004fc6ecc7fce19ce19cf1dcf3ffe18fe3dfe3dee1cce3fce1cce3dcc7b0000,催
003fc37fc7270f030e030e631ee33ee3bf63ff678e2f8e3fff39cf7fcf7f0640,級
00008421c633820f000f9c7ffcffcee786038f03fe3ffe3fce39063f863fc47f,後
8c31cc71dc31dc31c001ec3ffe7fc007c003e003fffffffffe7fc00180010000,半
043f867f8e3f1e231e021c421cc23ec7be47fe679c3f9c3ffe39de7f9e7f0e40,級
3818fc3efe7f00007cc0fee0fee8fee8fee8fee8eee8fee8fee0eee0cef00400,前
003f047f067f37673e631cf30ce73ec7ffcffeef187f9a7bcb7b8b7f8bcd0000,級
381cfe3ffe7f00007c60fe60ee64ee6cfe6cee6cce6cfe64fe70e678e6780000,前
066447e447e667e66fe60fe407e007c0e7ee67cee7cee7ef67ee67ee276c0000,開
f81ffc3f3e7c0e700f700f70077007f007f007700f700f701e783e3efc1ff007,0
10003c20fe3cfe0c7e0c7e0c7ffc3cfc3c6c7e647e247c26fe27fe2738631800,新
3e3f7f07330333033f3f3c3f187798231827397f193f19031f031f071fff0e7f,距
000018007e7c7e7e3e7fff7fff7ffe7f1c7e1c743e7e1f7e8f7eff7eff7e003c,離
fc7ffe7f000000000000fffffffffeff00f80078003c003f801fc00fe003c001,ラ
0c01ce11c719830f00079c67fe7fcf63c763cf63fe3bc631861b8e3ffe7fec20,後
0004f8ceccff8c318e118e19ce7fee39fe38fc7ffc38cc3dcc3dcc38cc7f8001,催
8001f81ffe3f3e7f00fc007e803fe03fe03f007e00fc0cf83ffeff7ffc1fe001,3
fc7ffc7fc007c007cc67cc63cc63dc77dc77fc7ff83ff01ff83f0e6106c10000,東
1818fe3f7e001e001e00fe07ff1fff7f087c00f800f800f81e7efe3ff81fe003,5
001f801fc01fc01fe01f701e381c1c1c0c1c0e3eff3fff7fff7f003e001c001c,4
f81f7c3c1e000e0007000700ff1f7f7e1f780f700ff00f701e703c7cf83fe00f,6
f81ffc1ffe0f1e001f003f00ff1fff3f3e7f007c007800780c7c3e3efe1ff80f,5
1ce21ce31ce31ce31ce31ce31ce31ce31ce31ce31ce30ce30ee30ee307e30243,川
0400cc7bee73ff73fe73ee63fe63fe73fe1f0f0e0f1e8e7f0c0e0c0eccff0400,樫
0000dfff9efd8ccd8cff8cff9eef9fff0e7f0c1c0c7f9c7f1e1c061e80ff807f,理
00063f263f7f3f7f3f3b3f73ff733f1f3f0e3f3ef03ff027713e793ef07f3001,駿
38003800fe01ff03ff03be7f9cff1c7f1c000c008e01ce01ce01c77fc7ff86ff,た
